frame_id,time,detected,x1,y1,c1
1.0,0.0,1.0,276.2010498046875,102.98400115966797,0.47341087460517883
2.0,0.05555555555555555,0.0,,,
3.0,0.1111111111111111,1.0,291.2415466308594,106.36283874511719,0.5690217614173889
4.0,0.16666666666666666,1.0,300.46099853515625,108.93226623535156,0.5374171733856201
5.0,0.2222222222222222,1.0,308.09991455078125,113.23585510253906,0.6427990794181824
6.0,0.2777777777777778,1.0,315.973876953125,118.1717529296875,0.5347545742988586
7.0,0.3333333333333333,1.0,324.5382995605469,124.50227355957031,0.6589518785476685
8.0,0.38888888888888884,1.0,332.48162841796875,129.49053955078125,0.5634555220603943
9.0,0.4444444444444444,0.0,,,
10.0,0.5,1.0,348.418212890625,139.1029052734375,0.6271074414253235
11.0,0.5555555555555556,1.0,357.5234375,142.84024047851562,0.6783734560012817
12.0,0.611111111111111,1.0,366.14892578125,148.66207885742188,0.6794583201408386
13.0,0.6666666666666666,1.0,376.3045349121094,152.16168212890625,0.6057460904121399
14.0,0.7222222222222222,1.0,384.01806640625,157.7399444580078,0.6193005442619324
15.0,0.7777777777777777,1.0,391.1407470703125,162.516357421875,0.6401606798171997
16.0,0.8333333333333333,1.0,395.6365966796875,168.7906494140625,0.6163401007652283
17.0,0.8888888888888888,1.0,398.8132019042969,175.95101928710938,0.5953388810157776
18.0,0.9444444444444444,1.0,400.2779541015625,183.67994689941406,0.5622521042823792
19.0,1.0,1.0,400.1962890625,192.8988037109375,0.6993626952171326
20.0,1.0555555555555556,1.0,397.47406005859375,201.5164794921875,0.5142792463302612
21.0,1.1111111111111112,1.0,394.78326416015625,210.48562622070312,0.619903564453125
22.0,1.1666666666666665,1.0,392.0950927734375,218.0746612548828,0.5072854161262512
23.0,1.222222222222222,1.0,388.89306640625,226.053955078125,0.5837615728378296
24.0,1.2777777777777777,1.0,387.0189208984375,236.80050659179688,0.6321311593055725
25.0,1.3333333333333333,1.0,387.714111328125,249.99014282226562,0.6440353393554688
26.0,1.3888888888888888,1.0,388.25115966796875,265.0751953125,0.6260032653808594
27.0,1.4444444444444444,1.0,388.9303283691406,276.6781005859375,0.657046377658844
28.0,1.5,1.0,388.82208251953125,284.815673828125,0.516883134841919
29.0,1.5555555555555554,1.0,386.2828674316406,290.0119323730469,0.5117477774620056
30.0,1.611111111111111,1.0,380.328857421875,295.5576171875,0.638796329498291
31.0,1.6666666666666665,1.0,372.08209228515625,297.0955505371094,0.5242417454719543
32.0,1.722222222222222,1.0,362.3404541015625,301.94970703125,0.607262909412384
33.0,1.7777777777777777,1.0,352.0145568847656,300.84625244140625,0.6268823742866516
34.0,1.8333333333333333,1.0,344.94647216796875,298.8460693359375,0.746399998664856
35.0,1.8888888888888888,1.0,339.89471435546875,296.74639892578125,0.6041902899742126
36.0,1.9444444444444444,1.0,335.20330810546875,294.7655029296875,0.6905527114868164
37.0,2.0,1.0,328.0166320800781,290.961669921875,0.5710333585739136
38.0,2.0555555555555554,0.0,,,
39.0,2.111111111111111,1.0,307.595458984375,272.665771484375,0.589214563369751
40.0,2.1666666666666665,1.0,300.05621337890625,266.24481201171875,0.6560187339782715
41.0,2.2222222222222223,1.0,294.4498291015625,261.74951171875,0.6647880673408508
42.0,2.2777777777777777,1.0,288.6488952636719,258.8232116699219,0.6518831253051758
43.0,2.333333333333333,1.0,275.7486572265625,253.03890991210938,0.591308057308197
44.0,2.388888888888889,1.0,263.3014221191406,248.69818115234375,0.6605268716812134
45.0,2.444444444444444,1.0,258.2478332519531,245.85870361328125,0.675599992275238
46.0,2.5,1.0,255.6180419921875,243.57798767089844,0.6721309423446655
47.0,2.5555555555555554,1.0,250.18228149414062,242.25225830078125,0.7187577486038208
48.0,2.611111111111111,1.0,248.4288787841797,241.92739868164062,0.6777920126914978
49.0,2.6666666666666665,1.0,245.48458862304688,239.90493774414062,0.5310895442962646
50.0,2.722222222222222,1.0,239.640380859375,236.38607788085938,0.7227099537849426
51.0,2.7777777777777777,1.0,229.20541381835938,228.62828063964844,0.5152904391288757
52.0,2.833333333333333,1.0,216.502197265625,220.94656372070312,0.5843290686607361
53.0,2.888888888888889,1.0,206.9977264404297,212.28646850585938,0.7179678082466125
54.0,2.944444444444444,1.0,199.75323486328125,205.96026611328125,0.682428777217865
55.0,3.0,1.0,194.85536193847656,199.21127319335938,0.6984866261482239
56.0,3.0555555555555554,1.0,189.66030883789062,193.3389892578125,0.6819591522216797
57.0,3.1111111111111107,1.0,184.92945861816406,185.90159606933594,0.5977058410644531
58.0,3.1666666666666665,1.0,180.54449462890625,180.73843383789062,0.6512255668640137
59.0,3.222222222222222,1.0,175.6766815185547,174.33154296875,0.6703271865844727
60.0,3.2777777777777777,1.0,169.48043823242188,169.32089233398438,0.5789768695831299
61.0,3.333333333333333,1.0,162.67784118652344,163.11090087890625,0.5681490898132324
62.0,3.388888888888889,1.0,153.41156005859375,155.0994873046875,0.506679356098175
63.0,3.444444444444444,1.0,146.32351684570312,148.69686889648438,0.5195275545120239
64.0,3.5,1.0,138.89599609375,141.3056182861328,0.6058042049407959
65.0,3.5555555555555554,1.0,132.0037841796875,135.55419921875,0.5872347354888916
66.0,3.6111111111111107,1.0,126.1763916015625,131.37265014648438,0.5632112622261047
67.0,3.6666666666666665,0.0,,,
68.0,3.722222222222222,1.0,116.91787719726562,127.45513916015625,0.4953462779521942
69.0,3.7777777777777777,1.0,112.03096008300781,127.69844055175781,0.6328648328781128
70.0,3.833333333333333,1.0,105.11601257324219,127.79698181152344,0.6264227032661438
71.0,3.888888888888889,0.0,,,
72.0,3.944444444444444,1.0,84.92713928222656,131.98922729492188,0.6246433854103088
73.0,4.0,1.0,78.87258911132812,138.18545532226562,0.6693726181983948
74.0,4.055555555555555,1.0,77.07051849365234,145.25881958007812,0.5050856471061707
75.0,4.111111111111111,1.0,78.40100860595703,152.50473022460938,0.5455668568611145
76.0,4.166666666666666,1.0,80.90087890625,160.27061462402344,0.7165536880493164
77.0,4.222222222222222,1.0,83.49983215332031,168.0066375732422,0.6283425688743591
78.0,4.277777777777778,1.0,86.8878402709961,176.93096923828125,0.6290872693061829
79.0,4.333333333333333,1.0,95.30730438232422,187.39633178710938,0.6092203855514526
80.0,4.388888888888888,1.0,104.65534973144531,195.12301635742188,0.5244836807250977
81.0,4.444444444444445,1.0,112.472900390625,197.6795654296875,0.636658251285553
82.0,4.5,1.0,116.51191711425781,196.9720916748047,0.5373678803443909
83.0,4.555555555555555,1.0,121.38858032226562,194.05487060546875,0.5642051696777344
84.0,4.611111111111111,1.0,127.64195251464844,190.4295654296875,0.5460811853408813
85.0,4.666666666666666,1.0,136.22889709472656,181.83047485351562,0.5269914865493774
86.0,4.722222222222222,1.0,142.134521484375,177.45941162109375,0.5610105395317078
87.0,4.777777777777778,1.0,146.53611755371094,172.77967834472656,0.5453388094902039
88.0,4.833333333333333,1.0,152.0029296875,171.12936401367188,0.6506224274635315
89.0,4.888888888888888,1.0,158.40538024902344,168.32058715820312,0.6027830243110657
90.0,4.944444444444444,1.0,165.796142578125,168.51229858398438,0.5925770998001099
91.0,5.0,1.0,175.78036499023438,165.9207763671875,0.5850130915641785
92.0,5.055555555555555,1.0,187.06008911132812,164.2821044921875,0.6105546355247498
93.0,5.111111111111111,1.0,196.49624633789062,162.86090087890625,0.48750364780426025
94.0,5.166666666666666,1.0,206.5085906982422,161.52279663085938,0.6746505498886108
95.0,5.222222222222222,1.0,217.215576171875,158.49880981445312,0.6435554623603821
96.0,5.277777777777778,1.0,228.5901641845703,154.70571899414062,0.5940766930580139
97.0,5.333333333333333,1.0,241.867919921875,151.02410888671875,0.7184915542602539
98.0,5.388888888888888,1.0,255.41127014160156,145.7720947265625,0.7387884259223938
99.0,5.444444444444444,1.0,267.77825927734375,137.44168090820312,0.6565550565719604
100.0,5.5,1.0,276.4249267578125,131.11727905273438,0.7040531039237976
101.0,5.555555555555555,1.0,283.98309326171875,125.48243713378906,0.5817376375198364
102.0,5.611111111111111,1.0,289.5992736816406,121.16133117675781,0.6689239144325256
103.0,5.666666666666666,1.0,295.90057373046875,117.10713195800781,0.683151364326477
104.0,5.722222222222222,1.0,302.09228515625,114.47209167480469,0.6421089768409729
105.0,5.777777777777778,1.0,310.00238037109375,110.78440856933594,0.5498825311660767
106.0,5.833333333333333,1.0,319.51507568359375,109.57772827148438,0.5642403364181519
107.0,5.888888888888888,1.0,327.4717102050781,111.40428161621094,0.6034311652183533
108.0,5.944444444444444,1.0,335.12969970703125,116.13478088378906,0.5235265493392944
109.0,6.0,1.0,339.993408203125,122.15733337402344,0.5510690808296204
110.0,6.055555555555555,1.0,343.6982727050781,129.43812561035156,0.6490004062652588
111.0,6.111111111111111,1.0,345.46075439453125,136.5122833251953,0.622454822063446
112.0,6.166666666666666,1.0,346.498046875,142.98388671875,0.6335775256156921
113.0,6.222222222222221,1.0,346.74859619140625,150.47174072265625,0.5733349919319153
114.0,6.277777777777778,1.0,347.21875,160.52322387695312,0.6172687411308289
115.0,6.333333333333333,1.0,346.27923583984375,174.19430541992188,0.5500913262367249
116.0,6.388888888888888,1.0,343.26092529296875,188.5911865234375,0.5940687656402588
117.0,6.444444444444444,1.0,338.7742614746094,197.6390380859375,0.7319404482841492
118.0,6.5,1.0,336.09820556640625,204.0092010498047,0.7040666341781616
119.0,6.555555555555555,1.0,334.7940979003906,209.43984985351562,0.6331322193145752
120.0,6.611111111111111,1.0,333.94573974609375,215.93222045898438,0.626746654510498
121.0,6.666666666666666,1.0,334.36029052734375,225.99301147460938,0.598645806312561
122.0,6.722222222222221,1.0,335.51092529296875,241.5773468017578,0.6854575872421265
123.0,6.777777777777778,1.0,334.878173828125,255.21160888671875,0.5971311330795288
124.0,6.833333333333333,1.0,334.2276611328125,265.06365966796875,0.5707948803901672
125.0,6.888888888888888,1.0,331.43804931640625,272.4050598144531,0.725232720375061
126.0,6.944444444444444,1.0,326.703125,279.72686767578125,0.6943480372428894
127.0,7.0,1.0,319.507080078125,285.1191711425781,0.7376466989517212
128.0,7.055555555555555,1.0,310.530517578125,288.81939697265625,0.6542243957519531
129.0,7.111111111111111,1.0,301.1918029785156,289.88970947265625,0.6767568588256836
130.0,7.166666666666666,1.0,293.0161437988281,288.4642639160156,0.7176856398582458
131.0,7.222222222222221,1.0,286.01519775390625,285.07611083984375,0.6208363771438599
132.0,7.277777777777778,1.0,278.44866943359375,281.76495361328125,0.6692447662353516
133.0,7.333333333333333,1.0,272.77569580078125,276.7252197265625,0.5611506104469299
134.0,7.388888888888888,1.0,267.82928466796875,269.9725341796875,0.6505060195922852
135.0,7.444444444444444,1.0,264.1422119140625,259.4934387207031,0.5617537498474121
136.0,7.5,1.0,261.9654541015625,248.11239624023438,0.6287646293640137
137.0,7.555555555555555,1.0,263.07452392578125,238.297607421875,0.6167874932289124
138.0,7.611111111111111,1.0,268.3795166015625,229.86663818359375,0.6464328765869141
139.0,7.666666666666666,1.0,278.7642517089844,221.72943115234375,0.6108402609825134
140.0,7.722222222222221,1.0,287.496826171875,217.79498291015625,0.6505408883094788
141.0,7.777777777777778,1.0,289.9374084472656,216.0252685546875,0.5958772897720337
142.0,7.833333333333333,1.0,290.82867431640625,215.30227661132812,0.5791681408882141
143.0,7.888888888888888,1.0,292.58160400390625,214.7045135498047,0.6313267946243286
144.0,7.944444444444444,1.0,296.72906494140625,213.76797485351562,0.6371180415153503
145.0,8.0,1.0,305.8759765625,210.89154052734375,0.6362488865852356
146.0,8.055555555555555,1.0,318.17791748046875,209.39520263671875,0.6474551558494568
147.0,8.11111111111111,1.0,335.7864990234375,206.03590393066406,0.62964928150177
148.0,8.166666666666666,1.0,349.802001953125,204.26617431640625,0.6871206760406494
149.0,8.222222222222221,1.0,360.63934326171875,203.34732055664062,0.6388750076293945
150.0,8.277777777777777,1.0,368.59759521484375,202.36798095703125,0.6735899448394775
151.0,8.333333333333332,1.0,374.92254638671875,200.68344116210938,0.7614511847496033
152.0,8.38888888888889,1.0,380.7485656738281,199.178955078125,0.6795824766159058
153.0,8.444444444444445,1.0,388.8026123046875,197.08009338378906,0.6960932016372681
154.0,8.5,1.0,401.0456237792969,193.85250854492188,0.724645733833313
155.0,8.555555555555555,1.0,411.58544921875,190.76068115234375,0.725608766078949
156.0,8.61111111111111,1.0,419.12030029296875,188.082275390625,0.7250776290893555
157.0,8.666666666666666,1.0,425.0123596191406,186.63613891601562,0.7363844513893127
158.0,8.722222222222221,1.0,430.61773681640625,184.91714477539062,0.6765547394752502
159.0,8.777777777777777,1.0,434.532958984375,183.26895141601562,0.5807073712348938
160.0,8.833333333333332,1.0,437.01800537109375,183.02230834960938,0.6158937811851501
161.0,8.88888888888889,1.0,436.677001953125,183.06558227539062,0.6391332149505615
162.0,8.944444444444445,1.0,435.162841796875,183.06085205078125,0.5318059921264648
163.0,9.0,1.0,432.2798767089844,184.05282592773438,0.6718186736106873
164.0,9.055555555555555,1.0,432.21343994140625,183.90150451660156,0.6940559148788452
165.0,9.11111111111111,1.0,434.0551452636719,182.88485717773438,0.6608981490135193
166.0,9.166666666666666,1.0,438.2220458984375,181.19992065429688,0.5541792511940002
167.0,9.222222222222221,1.0,442.0816955566406,176.93533325195312,0.5360578298568726
168.0,9.277777777777777,1.0,441.29364013671875,176.4923095703125,0.4970337748527527
169.0,9.333333333333332,1.0,438.0826110839844,176.95977783203125,0.6083513498306274
170.0,9.388888888888888,1.0,432.2415466308594,176.90780639648438,0.718513548374176
171.0,9.444444444444445,1.0,425.8088073730469,176.62020874023438,0.7244488000869751
172.0,9.5,1.0,421.81591796875,174.4989776611328,0.6117019057273865
173.0,9.555555555555555,1.0,417.290283203125,174.81991577148438,0.5967404246330261
174.0,9.61111111111111,1.0,416.1779479980469,170.81686401367188,0.6320271492004395
175.0,9.666666666666666,1.0,417.3744812011719,170.3684844970703,0.5597574710845947
176.0,9.722222222222221,1.0,419.8795166015625,167.76364135742188,0.5238752961158752
177.0,9.777777777777777,1.0,421.58074951171875,164.18618774414062,0.6069231629371643
178.0,9.833333333333332,1.0,422.0151062011719,165.36227416992188,0.5593568086624146
179.0,9.888888888888888,0.0,,,
180.0,9.944444444444445,1.0,423.09771728515625,163.14447021484375,0.4544984996318817
181.0,10.0,0.0,,,
182.0,10.055555555555555,1.0,432.25518798828125,164.06927490234375,0.5498103499412537
183.0,10.11111111111111,0.0,,,
184.0,10.166666666666666,1.0,437.9849548339844,172.8500213623047,0.48198822140693665
185.0,10.222222222222221,1.0,435.4297790527344,179.95362854003906,0.5117802023887634
186.0,10.277777777777777,1.0,431.6751708984375,182.59744262695312,0.4635566771030426
187.0,10.333333333333332,1.0,429.23614501953125,186.70101928710938,0.513384997844696
188.0,10.388888888888888,1.0,427.480224609375,198.93984985351562,0.6671109795570374
189.0,10.444444444444445,1.0,426.28271484375,209.350341796875,0.607129693031311
190.0,10.5,1.0,423.71502685546875,221.28741455078125,0.5268594026565552
191.0,10.555555555555555,1.0,418.4140625,229.53057861328125,0.4565604627132416
192.0,10.61111111111111,0.0,,,
193.0,10.666666666666666,0.0,,,
194.0,10.722222222222221,1.0,393.96026611328125,250.55088806152344,0.5074743628501892
195.0,10.777777777777777,1.0,386.45977783203125,249.06521606445312,0.5334553718566895
196.0,10.833333333333332,1.0,381.6728210449219,247.28717041015625,0.6675129532814026
197.0,10.888888888888888,1.0,379.0518798828125,243.71466064453125,0.6032322645187378
198.0,10.944444444444445,1.0,376.9965515136719,238.57965087890625,0.5883841514587402
199.0,11.0,1.0,375.4224853515625,228.38482666015625,0.7247015237808228
200.0,11.055555555555555,1.0,374.8891906738281,213.08203125,0.5982769131660461
201.0,11.11111111111111,1.0,375.5244445800781,203.31881713867188,0.6013730764389038
202.0,11.166666666666666,1.0,375.4630126953125,196.1842041015625,0.6551452279090881
203.0,11.222222222222221,1.0,375.094482421875,190.0677490234375,0.6019638180732727
204.0,11.277777777777777,1.0,374.1783142089844,183.5914306640625,0.6041542291641235
205.0,11.333333333333332,1.0,371.224853515625,176.5484161376953,0.6423950791358948
206.0,11.388888888888888,1.0,367.26727294921875,168.58078002929688,0.553581953048706
207.0,11.444444444444445,1.0,361.2142333984375,160.55081176757812,0.6747015714645386
208.0,11.5,1.0,355.41845703125,152.6426239013672,0.6122223138809204
209.0,11.555555555555555,1.0,348.51629638671875,144.44015502929688,0.6356549859046936
210.0,11.61111111111111,1.0,341.399658203125,138.29034423828125,0.5655983090400696
211.0,11.666666666666666,1.0,335.9268798828125,132.4800567626953,0.606073260307312
212.0,11.722222222222221,1.0,328.5164489746094,126.06343078613281,0.5309972167015076
213.0,11.777777777777777,1.0,320.1298828125,121.18940734863281,0.5854164361953735
214.0,11.833333333333332,1.0,310.7392883300781,116.57810974121094,0.5859079957008362
215.0,11.888888888888888,1.0,302.063720703125,112.86981201171875,0.5579612255096436
216.0,11.944444444444445,1.0,292.5838317871094,110.69573211669922,0.5814319252967834
217.0,12.0,1.0,284.63818359375,110.27349853515625,0.6311991810798645
218.0,12.055555555555555,1.0,276.49853515625,111.17807006835938,0.6078924536705017
219.0,12.11111111111111,1.0,267.99224853515625,111.71975708007812,0.662892758846283
220.0,12.166666666666666,1.0,260.6115417480469,110.87356567382812,0.6376428008079529
221.0,12.222222222222221,1.0,252.14187622070312,109.01953125,0.6391627192497253
222.0,12.277777777777777,1.0,241.66970825195312,106.16848754882812,0.5922651886940002
223.0,12.333333333333332,1.0,232.74154663085938,101.88390350341797,0.60088711977005
224.0,12.388888888888888,1.0,224.5016632080078,97.71128845214844,0.6241545081138611
225.0,12.444444444444443,1.0,218.2494659423828,97.22295379638672,0.6438546180725098
226.0,12.5,1.0,212.47402954101562,97.110107421875,0.6308130621910095
227.0,12.555555555555555,1.0,206.07369995117188,99.68702697753906,0.6035617589950562
228.0,12.61111111111111,1.0,199.8262481689453,104.46212768554688,0.5736879706382751
229.0,12.666666666666666,1.0,192.18499755859375,110.1115951538086,0.6077044606208801
230.0,12.722222222222221,1.0,184.59356689453125,118.36007690429688,0.5586717128753662
231.0,12.777777777777777,1.0,179.7609405517578,126.34246826171875,0.5688101053237915
232.0,12.833333333333332,1.0,176.02285766601562,134.83270263671875,0.6673797965049744
233.0,12.888888888888888,1.0,173.32923889160156,143.61001586914062,0.5817134380340576
234.0,12.944444444444443,1.0,171.90646362304688,154.52871704101562,0.5855638980865479
235.0,13.0,1.0,172.60861206054688,164.36708068847656,0.5640692114830017
236.0,13.055555555555555,1.0,175.57843017578125,172.80691528320312,0.6754912734031677
237.0,13.11111111111111,1.0,177.72079467773438,180.00546264648438,0.6278650760650635
238.0,13.166666666666666,1.0,179.9537353515625,183.54388427734375,0.6044116020202637
239.0,13.222222222222221,1.0,182.6988525390625,186.415283203125,0.6052161455154419
240.0,13.277777777777777,1.0,183.49693298339844,190.20294189453125,0.5803487300872803
241.0,13.333333333333332,1.0,186.0657958984375,196.3109130859375,0.5865827798843384
242.0,13.388888888888888,1.0,189.0608367919922,199.85020446777344,0.6156260371208191
243.0,13.444444444444443,1.0,194.84271240234375,206.18328857421875,0.6229968070983887
244.0,13.5,1.0,202.14630126953125,220.84848022460938,0.5780652165412903
245.0,13.555555555555555,1.0,210.13665771484375,231.94296264648438,0.6346715092658997
246.0,13.61111111111111,1.0,214.6581268310547,241.4368896484375,0.664866030216217
247.0,13.666666666666666,1.0,219.73434448242188,246.83499145507812,0.6703752875328064
248.0,13.722222222222221,1.0,225.55670166015625,250.70982360839844,0.5611437559127808
249.0,13.777777777777777,1.0,236.05638122558594,251.6570587158203,0.6340732574462891
250.0,13.833333333333332,1.0,246.06591796875,250.45164489746094,0.7011507749557495
251.0,13.888888888888888,1.0,252.47512817382812,249.70071411132812,0.7076684832572937
252.0,13.944444444444443,1.0,257.2996520996094,247.80459594726562,0.6989943385124207
253.0,14.0,1.0,260.3412170410156,246.0940399169922,0.6769756078720093
254.0,14.055555555555555,1.0,266.6009826660156,244.91224670410156,0.6910077929496765
255.0,14.11111111111111,1.0,272.64434814453125,243.07485961914062,0.6250512599945068
256.0,14.166666666666666,1.0,279.6201171875,243.09292602539062,0.591922402381897
257.0,14.222222222222221,1.0,291.411865234375,242.2770538330078,0.5675619840621948
258.0,14.277777777777777,1.0,305.1995544433594,241.10720825195312,0.6036822199821472
259.0,14.333333333333332,1.0,319.22210693359375,241.30906677246094,0.6248723864555359
260.0,14.388888888888888,1.0,330.5472717285156,241.8358154296875,0.5997150540351868
261.0,14.444444444444443,1.0,340.87628173828125,239.54638671875,0.5947010517120361
262.0,14.5,1.0,350.686279296875,236.7147979736328,0.60111004114151
263.0,14.555555555555555,1.0,361.61334228515625,232.24168395996094,0.6584205627441406
264.0,14.61111111111111,1.0,370.42230224609375,227.07229614257812,0.6329441070556641
265.0,14.666666666666666,1.0,376.03289794921875,221.89918518066406,0.6879099011421204
266.0,14.722222222222221,1.0,378.62054443359375,218.91018676757812,0.5890898704528809
267.0,14.777777777777777,1.0,382.9092102050781,212.53445434570312,0.6031758785247803
268.0,14.833333333333332,1.0,385.7724609375,205.72015380859375,0.599051833152771
269.0,14.888888888888888,1.0,391.0673828125,192.86358642578125,0.642537534236908
270.0,14.944444444444443,1.0,398.07275390625,177.6959228515625,0.6165704727172852
271.0,15.0,1.0,401.86761474609375,167.50152587890625,0.6581010222434998
272.0,15.055555555555555,1.0,402.3238525390625,161.53309631347656,0.6213788986206055
273.0,15.11111111111111,1.0,401.55169677734375,157.13970947265625,0.644475519657135
274.0,15.166666666666666,1.0,400.6275329589844,152.71795654296875,0.66780686378479
275.0,15.222222222222221,1.0,396.2443542480469,146.1846923828125,0.7136300206184387
276.0,15.277777777777777,1.0,390.77301025390625,138.06719970703125,0.583627462387085
277.0,15.333333333333332,1.0,383.43426513671875,128.68028259277344,0.5917930006980896
278.0,15.388888888888888,1.0,375.6558532714844,121.87874603271484,0.6692517399787903
279.0,15.444444444444443,1.0,367.820556640625,117.80625915527344,0.5516541004180908
280.0,15.5,1.0,360.11309814453125,115.82929992675781,0.5176073312759399
281.0,15.555555555555555,1.0,352.5145568847656,115.82725524902344,0.5525025129318237
282.0,15.61111111111111,1.0,342.7005310058594,118.68710327148438,0.6102074384689331
283.0,15.666666666666666,1.0,335.15765380859375,126.03717041015625,0.5460624694824219
284.0,15.722222222222221,1.0,330.31591796875,132.93228149414062,0.5480033159255981
285.0,15.777777777777777,1.0,327.93609619140625,137.04307556152344,0.5703954100608826
286.0,15.833333333333332,1.0,328.63800048828125,140.79759216308594,0.5579360127449036
287.0,15.888888888888888,1.0,331.582763671875,145.04872131347656,0.6123973727226257
288.0,15.944444444444443,1.0,338.6080322265625,151.28042602539062,0.6199980974197388
289.0,16.0,1.0,349.434814453125,161.38491821289062,0.6239778995513916
290.0,16.055555555555554,1.0,356.98101806640625,169.88839721679688,0.6620920300483704
291.0,16.11111111111111,1.0,360.87518310546875,174.2904052734375,0.6746136546134949
292.0,16.166666666666664,1.0,363.03594970703125,178.49624633789062,0.6641151905059814
293.0,16.22222222222222,1.0,364.01336669921875,184.33413696289062,0.6636458039283752
294.0,16.27777777777778,1.0,362.71160888671875,192.65188598632812,0.6385278105735779
295.0,16.333333333333332,1.0,359.23114013671875,202.09136962890625,0.572966992855072
296.0,16.38888888888889,1.0,353.1409912109375,212.2431640625,0.6032421588897705
297.0,16.444444444444443,1.0,347.94610595703125,218.97592163085938,0.6253302097320557
298.0,16.5,1.0,343.9549560546875,224.02133178710938,0.6255021691322327
299.0,16.555555555555554,1.0,340.1060791015625,227.96484375,0.6145562529563904
300.0,16.61111111111111,1.0,336.1170959472656,233.21595764160156,0.7070751786231995
301.0,16.666666666666664,1.0,330.3699951171875,236.0955810546875,0.6714260578155518
302.0,16.72222222222222,1.0,326.8280029296875,239.5673828125,0.6322733163833618
303.0,16.77777777777778,1.0,320.1982727050781,243.18667602539062,0.6123287677764893
304.0,16.833333333333332,1.0,310.6063232421875,246.72042846679688,0.6693877577781677
305.0,16.88888888888889,1.0,298.8878173828125,249.73812866210938,0.614447295665741
306.0,16.944444444444443,1.0,288.408203125,252.30506896972656,0.6569972634315491
307.0,17.0,1.0,281.07989501953125,253.5573272705078,0.6985283493995667
308.0,17.055555555555554,1.0,275.08880615234375,255.59207153320312,0.6598849296569824
309.0,17.11111111111111,1.0,270.5225830078125,259.0509948730469,0.7059198617935181
310.0,17.166666666666664,1.0,265.2652282714844,265.87567138671875,0.6603266000747681
311.0,17.22222222222222,1.0,260.5068054199219,275.2383728027344,0.6147427558898926
312.0,17.27777777777778,1.0,257.4434814453125,282.5726318359375,0.6282232999801636
313.0,17.333333333333332,1.0,253.01220703125,286.65875244140625,0.6440778970718384
314.0,17.38888888888889,1.0,250.623046875,291.04266357421875,0.657961368560791
315.0,17.444444444444443,1.0,244.09814453125,296.34228515625,0.6852298378944397
316.0,17.5,1.0,235.63739013671875,300.0133056640625,0.5879639983177185
317.0,17.555555555555554,1.0,224.36099243164062,301.49871826171875,0.6275796294212341
318.0,17.61111111111111,1.0,213.6387176513672,299.22393798828125,0.6993440389633179
319.0,17.666666666666664,1.0,206.21163940429688,296.3902587890625,0.6580588221549988
320.0,17.72222222222222,1.0,200.29995727539062,290.73193359375,0.661994218826294
321.0,17.77777777777778,1.0,195.95065307617188,283.90399169921875,0.6137259602546692
322.0,17.833333333333332,1.0,193.37069702148438,277.8981018066406,0.6126394867897034
323.0,17.88888888888889,1.0,192.31033325195312,270.84759521484375,0.6711485981941223
324.0,17.944444444444443,1.0,192.4087677001953,263.8810729980469,0.6642427444458008
325.0,18.0,1.0,195.23089599609375,253.14840698242188,0.6759646534919739
326.0,18.055555555555554,1.0,200.55276489257812,240.73446655273438,0.6418629288673401
327.0,18.11111111111111,1.0,206.52001953125,233.42852783203125,0.5447731614112854
328.0,18.166666666666664,1.0,211.29534912109375,228.16433715820312,0.5435309410095215
329.0,18.22222222222222,1.0,217.57884216308594,227.6225128173828,0.6234099268913269
330.0,18.277777777777775,1.0,226.40753173828125,229.23446655273438,0.6063452959060669
331.0,18.333333333333332,1.0,238.01885986328125,233.58026123046875,0.5764478445053101
332.0,18.38888888888889,1.0,243.44573974609375,237.1470489501953,0.610385537147522
333.0,18.444444444444443,1.0,246.10574340820312,238.35098266601562,0.5740575194358826
334.0,18.5,1.0,248.81402587890625,240.57632446289062,0.6516996026039124
335.0,18.555555555555554,1.0,252.06100463867188,242.87281799316406,0.603359580039978
336.0,18.61111111111111,1.0,258.4656982421875,244.9565887451172,0.6591479778289795
337.0,18.666666666666664,1.0,263.58856201171875,246.39549255371094,0.7426086664199829
338.0,18.72222222222222,1.0,269.7014465332031,250.27452087402344,0.6723472476005554
339.0,18.777777777777775,1.0,276.7486572265625,253.11451721191406,0.6758631467819214
340.0,18.833333333333332,1.0,284.6795349121094,257.156005859375,0.6369381546974182
341.0,18.88888888888889,1.0,296.42730712890625,263.18048095703125,0.5872961282730103
342.0,18.944444444444443,1.0,308.8570556640625,270.3614807128906,0.6369199752807617
343.0,19.0,1.0,318.0305480957031,272.8492736816406,0.6360728144645691
344.0,19.055555555555554,1.0,326.5589294433594,277.6500244140625,0.6461510062217712
345.0,19.11111111111111,1.0,333.7926025390625,279.9495849609375,0.5923556089401245
346.0,19.166666666666664,1.0,341.6897888183594,282.91778564453125,0.6484806537628174
347.0,19.22222222222222,1.0,349.8573303222656,283.633544921875,0.6821370720863342
348.0,19.277777777777775,1.0,358.71478271484375,283.56268310546875,0.6595771312713623
349.0,19.333333333333332,1.0,369.57025146484375,283.19671630859375,0.6272088885307312
350.0,19.38888888888889,1.0,382.2626953125,280.55389404296875,0.619982123374939
351.0,19.444444444444443,1.0,392.4129943847656,278.24530029296875,0.6082712411880493
352.0,19.5,0.0,,,
353.0,19.555555555555554,1.0,401.7376708984375,270.7038269042969,0.6424404978752136
354.0,19.61111111111111,1.0,402.2947998046875,262.5120544433594,0.6113392114639282
355.0,19.666666666666664,1.0,401.0133056640625,253.27130126953125,0.6464053988456726
356.0,19.72222222222222,1.0,396.1955871582031,243.33929443359375,0.710766613483429
357.0,19.777777777777775,1.0,389.3106689453125,234.59060668945312,0.6396164298057556
358.0,19.833333333333332,1.0,383.62225341796875,228.91680908203125,0.5975786447525024
359.0,19.88888888888889,1.0,378.718017578125,226.2292938232422,0.5299074649810791
360.0,19.944444444444443,1.0,370.1539611816406,222.64886474609375,0.6388593316078186
361.0,20.0,1.0,355.781982421875,219.8370361328125,0.5964392423629761
362.0,20.055555555555554,1.0,343.105712890625,219.99212646484375,0.5764667391777039
363.0,20.11111111111111,1.0,336.29449462890625,220.71847534179688,0.683994472026825
364.0,20.166666666666664,1.0,330.5079345703125,224.2403564453125,0.6560232043266296
365.0,20.22222222222222,1.0,326.98480224609375,229.3155517578125,0.6292802095413208
366.0,20.277777777777775,1.0,323.9429626464844,234.88442993164062,0.6285383105278015
367.0,20.333333333333332,1.0,319.84967041015625,243.4154052734375,0.5918673276901245
368.0,20.38888888888889,1.0,316.3330383300781,252.07269287109375,0.6491661667823792
369.0,20.444444444444443,1.0,312.47247314453125,258.3701171875,0.5984711050987244
370.0,20.5,1.0,308.30950927734375,264.90521240234375,0.6102404594421387
371.0,20.555555555555554,1.0,302.34521484375,271.36920166015625,0.6126335859298706
372.0,20.61111111111111,1.0,295.22216796875,278.97222900390625,0.6666568517684937
373.0,20.666666666666664,1.0,286.9632568359375,286.9113464355469,0.6332041621208191
374.0,20.72222222222222,1.0,279.5006103515625,291.72344970703125,0.600300133228302
375.0,20.777777777777775,1.0,273.7113342285156,295.9981994628906,0.6017986536026001
376.0,20.833333333333332,1.0,268.16583251953125,298.31329345703125,0.6359158754348755
377.0,20.88888888888889,1.0,261.4000244140625,300.82647705078125,0.5788633227348328
378.0,20.944444444444443,1.0,254.2220001220703,301.7492370605469,0.5896493196487427
379.0,21.0,1.0,245.84982299804688,301.5657958984375,0.6373017430305481
380.0,21.055555555555554,1.0,237.81118774414062,298.0137939453125,0.6810876727104187
381.0,21.11111111111111,1.0,229.7645263671875,296.17462158203125,0.6496577262878418
382.0,21.166666666666664,1.0,221.2809600830078,292.9029541015625,0.6319677233695984
383.0,21.22222222222222,1.0,213.037353515625,289.85504150390625,0.6729069948196411
384.0,21.277777777777775,1.0,202.00711059570312,284.777099609375,0.6320134997367859
385.0,21.333333333333332,1.0,191.61422729492188,282.64642333984375,0.650517463684082
386.0,21.38888888888889,1.0,181.86233520507812,278.16387939453125,0.6883749961853027
387.0,21.444444444444443,1.0,171.66665649414062,273.933349609375,0.6212405562400818
388.0,21.5,1.0,163.49746704101562,271.3682861328125,0.7005780339241028
389.0,21.555555555555554,1.0,153.71292114257812,267.8445739746094,0.6049650311470032
390.0,21.61111111111111,1.0,145.23165893554688,264.500244140625,0.6428228616714478
391.0,21.666666666666664,1.0,136.74945068359375,259.50189208984375,0.5884621143341064
392.0,21.72222222222222,1.0,129.7162322998047,256.0555114746094,0.6128138899803162
393.0,21.777777777777775,1.0,123.7755355834961,250.8432159423828,0.6513218879699707
394.0,21.833333333333332,1.0,117.2914047241211,245.49517822265625,0.5975168347358704
395.0,21.88888888888889,1.0,112.58470153808594,237.606201171875,0.6660963296890259
396.0,21.944444444444443,1.0,107.27195739746094,229.20425415039062,0.6761751770973206
397.0,22.0,1.0,101.7007827758789,220.732421875,0.5870915055274963
398.0,22.055555555555554,1.0,98.34375,210.00881958007812,0.5780948400497437
399.0,22.11111111111111,1.0,96.77130126953125,202.97332763671875,0.5957849621772766
400.0,22.166666666666664,1.0,98.22523498535156,193.83767700195312,0.6218148469924927
401.0,22.22222222222222,1.0,102.17375183105469,187.2747344970703,0.6719660758972168
402.0,22.277777777777775,1.0,107.82353210449219,181.2506103515625,0.6626290678977966
403.0,22.333333333333332,1.0,115.90849304199219,175.31288146972656,0.6453202366828918
404.0,22.38888888888889,1.0,124.6176986694336,171.19281005859375,0.5792628526687622
405.0,22.444444444444443,1.0,130.87478637695312,168.837890625,0.6631124019622803
406.0,22.5,1.0,139.09779357910156,166.20455932617188,0.6985963582992554
407.0,22.555555555555554,1.0,148.26095581054688,165.138916015625,0.6065160632133484
408.0,22.61111111111111,1.0,162.64212036132812,165.008544921875,0.6652439832687378
409.0,22.666666666666664,1.0,173.66021728515625,169.5335693359375,0.6590964794158936
410.0,22.72222222222222,1.0,181.3837890625,173.02261352539062,0.6741591095924377
411.0,22.777777777777775,1.0,185.20277404785156,173.63314819335938,0.6772304177284241
412.0,22.833333333333332,1.0,189.5468292236328,173.23956298828125,0.7035895586013794
413.0,22.88888888888889,1.0,195.88465881347656,169.3827362060547,0.7004637122154236
414.0,22.944444444444443,1.0,208.21939086914062,156.66046142578125,0.6638749837875366
415.0,23.0,1.0,215.4127655029297,147.07476806640625,0.6585108041763306
416.0,23.055555555555554,1.0,221.90524291992188,139.455322265625,0.7312892079353333
417.0,23.11111111111111,1.0,224.74853515625,136.4095458984375,0.675749659538269
418.0,23.166666666666664,1.0,226.42718505859375,135.37718200683594,0.6127904057502747
419.0,23.22222222222222,1.0,227.59823608398438,136.04049682617188,0.6305078268051147
420.0,23.277777777777775,1.0,231.09649658203125,140.76808166503906,0.6192201972007751
421.0,23.333333333333332,1.0,235.61444091796875,147.99270629882812,0.5872085094451904
422.0,23.38888888888889,1.0,242.70291137695312,158.97799682617188,0.6033430695533752
423.0,23.444444444444443,1.0,248.83189392089844,168.88327026367188,0.6234076023101807
424.0,23.5,1.0,252.75360107421875,173.24122619628906,0.6325231194496155
425.0,23.555555555555554,1.0,256.1760559082031,178.24111938476562,0.6176588535308838
426.0,23.61111111111111,1.0,257.4831237792969,184.11886596679688,0.6681755185127258
427.0,23.666666666666664,1.0,257.5509033203125,193.61935424804688,0.6641788482666016
428.0,23.72222222222222,1.0,256.24957275390625,204.04830932617188,0.5615549087524414
429.0,23.777777777777775,1.0,253.653564453125,212.6015625,0.5975124835968018
430.0,23.833333333333332,1.0,252.12957763671875,220.16143798828125,0.5966496467590332
431.0,23.88888888888889,1.0,250.02622985839844,226.51272583007812,0.5240153074264526
432.0,23.944444444444443,1.0,248.18075561523438,234.3180694580078,0.5778275728225708
433.0,24.0,1.0,247.6977081298828,244.8225860595703,0.640984296798706
434.0,24.055555555555554,1.0,248.07196044921875,253.6971435546875,0.6232554316520691
435.0,24.11111111111111,1.0,250.9363250732422,264.80706787109375,0.6171934008598328
436.0,24.166666666666664,1.0,255.15530395507812,276.273193359375,0.5974013805389404
437.0,24.22222222222222,1.0,259.25732421875,286.13555908203125,0.6121829152107239
438.0,24.277777777777775,1.0,263.9404296875,293.447509765625,0.6551787853240967
439.0,24.333333333333332,1.0,267.49853515625,300.534423828125,0.6238061189651489
440.0,24.38888888888889,1.0,270.9062194824219,306.664794921875,0.5670475959777832
441.0,24.444444444444443,1.0,275.8470458984375,315.1732177734375,0.5895479917526245
442.0,24.5,1.0,280.92901611328125,326.2093505859375,0.5662087798118591
443.0,24.555555555555554,1.0,286.62738037109375,337.48114013671875,0.6026764512062073
444.0,24.61111111111111,1.0,291.53955078125,347.96600341796875,0.5532001852989197
445.0,24.666666666666664,1.0,296.3352355957031,354.569091796875,0.49623507261276245
446.0,24.72222222222222,1.0,300.449462890625,357.5699768066406,0.49246832728385925
447.0,24.777777777777775,1.0,305.2210998535156,360.9626770019531,0.5379951596260071
448.0,24.833333333333332,1.0,311.1793518066406,363.0108947753906,0.46090167760849
449.0,24.888888888888886,1.0,320.7872009277344,365.07769775390625,0.6018149852752686
450.0,24.944444444444443,1.0,331.07037353515625,365.276611328125,0.5523330569267273
451.0,25.0,1.0,339.1536560058594,361.4640197753906,0.6065072417259216
452.0,25.055555555555554,1.0,344.8586120605469,356.2751159667969,0.6513456702232361
453.0,25.11111111111111,1.0,348.0814208984375,348.2429504394531,0.6093730926513672
454.0,25.166666666666664,1.0,352.3834228515625,340.7576904296875,0.60957270860672
455.0,25.22222222222222,1.0,356.2107238769531,331.99542236328125,0.5385160446166992
456.0,25.277777777777775,1.0,356.303955078125,315.73626708984375,0.5235796570777893
457.0,25.333333333333332,1.0,353.11114501953125,303.3038330078125,0.6361134648323059
458.0,25.388888888888886,1.0,349.0009460449219,296.45343017578125,0.6143876314163208
459.0,25.444444444444443,1.0,346.73895263671875,294.33197021484375,0.6300914883613586
460.0,25.5,1.0,342.9244384765625,294.09710693359375,0.6092718243598938
461.0,25.555555555555554,1.0,338.1795654296875,295.14581298828125,0.6314672231674194
462.0,25.61111111111111,1.0,328.5916748046875,298.58514404296875,0.5579805970191956
463.0,25.666666666666664,1.0,314.52008056640625,306.343505859375,0.6004655361175537
464.0,25.72222222222222,1.0,305.8793640136719,310.0663757324219,0.5777835249900818
465.0,25.777777777777775,1.0,302.5784606933594,313.429443359375,0.6156074404716492
466.0,25.833333333333332,1.0,297.6619567871094,315.37713623046875,0.5589712262153625
467.0,25.888888888888886,1.0,294.2514953613281,316.9165954589844,0.5983729958534241
468.0,25.944444444444443,1.0,286.90869140625,319.13458251953125,0.6090977191925049
469.0,26.0,1.0,276.49371337890625,321.9317626953125,0.62867271900177
470.0,26.055555555555554,1.0,261.05517578125,326.68621826171875,0.6177409291267395
471.0,26.11111111111111,1.0,248.22659301757812,328.9202880859375,0.6217726469039917
472.0,26.166666666666664,1.0,239.05511474609375,329.98193359375,0.6888209581375122
473.0,26.22222222222222,1.0,231.4300994873047,329.6651916503906,0.5698142051696777
474.0,26.277777777777775,1.0,222.19558715820312,327.4650573730469,0.6417696475982666
475.0,26.333333333333332,1.0,214.82611083984375,324.5162658691406,0.7132099866867065
476.0,26.388888888888886,1.0,205.4095458984375,320.02996826171875,0.6504141688346863
477.0,26.444444444444443,1.0,195.86883544921875,312.8469543457031,0.6691198945045471
478.0,26.5,1.0,187.5482177734375,305.7899475097656,0.7005079984664917
479.0,26.555555555555554,1.0,183.03273010253906,297.59417724609375,0.6409834623336792
480.0,26.61111111111111,1.0,180.01876831054688,288.1090087890625,0.65891432762146
481.0,26.666666666666664,1.0,178.59002685546875,279.5804443359375,0.6046696305274963
482.0,26.72222222222222,1.0,179.80715942382812,270.61932373046875,0.6104828119277954
483.0,26.777777777777775,1.0,181.6900634765625,263.5286865234375,0.6334810256958008
484.0,26.833333333333332,1.0,184.68258666992188,256.1200256347656,0.6480719447135925
485.0,26.888888888888886,1.0,189.96348571777344,245.7300262451172,0.6739099025726318
486.0,26.944444444444443,1.0,197.29208374023438,229.19232177734375,0.6317449808120728
487.0,27.0,1.0,204.78662109375,218.55043029785156,0.6893975734710693
488.0,27.055555555555554,1.0,207.1278076171875,212.96707153320312,0.6799257397651672
489.0,27.11111111111111,1.0,206.69618225097656,210.47064208984375,0.6391516923904419
490.0,27.166666666666664,1.0,206.50949096679688,206.4711151123047,0.6836116313934326
491.0,27.22222222222222,1.0,207.34913635253906,199.610595703125,0.6938366293907166
492.0,27.277777777777775,1.0,209.31175231933594,188.9422607421875,0.6919772624969482
493.0,27.333333333333332,1.0,212.74673461914062,174.3809814453125,0.6496431231498718
494.0,27.388888888888886,1.0,216.1642608642578,162.33175659179688,0.6364921927452087
495.0,27.444444444444443,1.0,219.28443908691406,153.22613525390625,0.5594813823699951
496.0,27.5,1.0,221.37423706054688,143.03726196289062,0.6223134398460388
497.0,27.555555555555554,1.0,224.4095458984375,131.34523010253906,0.6421494483947754
498.0,27.61111111111111,1.0,226.80288696289062,124.00163269042969,0.617357611656189
499.0,27.666666666666664,1.0,228.00274658203125,117.38038635253906,0.5716283321380615
500.0,27.72222222222222,1.0,230.56346130371094,111.54660034179688,0.5755704045295715
501.0,27.777777777777775,1.0,232.953125,106.16117858886719,0.6497548222541809
502.0,27.833333333333332,1.0,237.05035400390625,100.11539459228516,0.6694837808609009
503.0,27.888888888888886,1.0,244.5936279296875,96.39273071289062,0.6531978845596313
504.0,27.944444444444443,1.0,254.13723754882812,95.36320495605469,0.6541531682014465
505.0,28.0,1.0,263.20068359375,98.72203063964844,0.7090508937835693
506.0,28.055555555555554,1.0,270.39263916015625,104.07411193847656,0.6973387598991394
507.0,28.11111111111111,1.0,275.7716979980469,110.66838073730469,0.758574903011322
508.0,28.166666666666664,1.0,278.12091064453125,116.26080322265625,0.6406185626983643
509.0,28.22222222222222,1.0,281.00238037109375,121.79130554199219,0.6477615237236023
510.0,28.277777777777775,1.0,284.7056884765625,128.5280303955078,0.6623355150222778
511.0,28.333333333333332,1.0,289.53314208984375,140.51052856445312,0.5979757308959961
512.0,28.388888888888886,1.0,294.14935302734375,153.32757568359375,0.6772255897521973
513.0,28.444444444444443,1.0,295.52899169921875,163.63595581054688,0.6819757223129272
514.0,28.5,1.0,293.61199951171875,170.809814453125,0.5731744170188904
515.0,28.555555555555554,1.0,288.8741149902344,175.0885772705078,0.6770502924919128
516.0,28.61111111111111,1.0,279.5908203125,181.15756225585938,0.641512930393219
517.0,28.666666666666664,1.0,265.7364501953125,186.10955810546875,0.6626472473144531
518.0,28.72222222222222,1.0,258.2623291015625,188.31539916992188,0.7475464940071106
519.0,28.777777777777775,1.0,252.54393005371094,189.8813018798828,0.6366501450538635
520.0,28.833333333333332,1.0,246.86851501464844,191.56533813476562,0.6692622900009155
521.0,28.888888888888886,1.0,240.63067626953125,188.56982421875,0.7046195268630981
522.0,28.944444444444443,1.0,232.01376342773438,180.32870483398438,0.6479946374893188
523.0,29.0,1.0,223.64747619628906,165.76431274414062,0.6773262619972229
524.0,29.055555555555554,1.0,217.6094970703125,158.84921264648438,0.6822534799575806
525.0,29.11111111111111,1.0,215.06045532226562,154.93817138671875,0.704378068447113
526.0,29.166666666666664,1.0,213.48043823242188,150.96517944335938,0.671286940574646
527.0,29.22222222222222,1.0,214.39410400390625,147.86477661132812,0.7151736617088318
528.0,29.277777777777775,1.0,216.4132080078125,141.40625,0.6135383248329163
529.0,29.333333333333332,1.0,217.80465698242188,135.79833984375,0.6444166898727417
530.0,29.388888888888886,1.0,221.2132568359375,130.94049072265625,0.7009525299072266
531.0,29.444444444444443,1.0,221.71707153320312,128.78744506835938,0.6165255904197693
532.0,29.5,1.0,219.39596557617188,128.48495483398438,0.7662397623062134
533.0,29.555555555555554,1.0,215.86680603027344,129.20187377929688,0.6258357763290405
534.0,29.61111111111111,1.0,209.7283935546875,134.081787109375,0.6068741083145142
535.0,29.666666666666664,1.0,201.37197875976562,142.17996215820312,0.769020676612854
536.0,29.72222222222222,1.0,195.1719970703125,151.56622314453125,0.7860591411590576
537.0,29.777777777777775,1.0,192.49737548828125,159.26406860351562,0.6876189112663269
538.0,29.833333333333332,1.0,191.7396240234375,165.0880126953125,0.6529495716094971
539.0,29.888888888888886,1.0,191.90347290039062,170.20095825195312,0.670824408531189
540.0,29.944444444444443,1.0,195.35650634765625,176.2412872314453,0.7327377796173096
541.0,30.0,1.0,203.76678466796875,186.07260131835938,0.6447563767433167
542.0,30.055555555555554,1.0,214.32199096679688,196.60772705078125,0.715006411075592
543.0,30.11111111111111,1.0,220.90151977539062,201.28627014160156,0.7076839208602905
544.0,30.166666666666664,1.0,226.5455322265625,203.87319946289062,0.6878920793533325
545.0,30.22222222222222,1.0,232.51016235351562,203.37786865234375,0.7200207114219666
546.0,30.277777777777775,1.0,238.35316467285156,202.10165405273438,0.796449601650238
547.0,30.333333333333332,1.0,244.81297302246094,199.02316284179688,0.7619260549545288
548.0,30.388888888888886,1.0,253.51719665527344,192.24440002441406,0.7197740077972412
549.0,30.444444444444443,1.0,263.06585693359375,180.27621459960938,0.7261446118354797
550.0,30.5,1.0,269.59820556640625,167.92230224609375,0.703065812587738
551.0,30.555555555555554,1.0,274.4207458496094,159.54327392578125,0.6808791160583496
552.0,30.61111111111111,1.0,276.0622253417969,152.00784301757812,0.7174180150032043
553.0,30.666666666666664,1.0,274.9681091308594,145.87196350097656,0.7091952562332153
554.0,30.72222222222222,1.0,271.34564208984375,139.27279663085938,0.6277593970298767
555.0,30.777777777777775,1.0,263.78857421875,133.49900817871094,0.7029455304145813
556.0,30.833333333333332,1.0,248.33450317382812,129.79042053222656,0.5742780566215515
557.0,30.888888888888886,1.0,234.9181671142578,129.9512939453125,0.5963073372840881
558.0,30.944444444444443,1.0,226.55792236328125,133.6317138671875,0.7169302105903625
559.0,31.0,1.0,220.88897705078125,138.36956787109375,0.7465508580207825
560.0,31.055555555555554,1.0,217.87464904785156,146.97177124023438,0.6988774538040161
561.0,31.11111111111111,1.0,217.4790496826172,153.30453491210938,0.693637490272522
562.0,31.166666666666664,1.0,218.20660400390625,159.3929443359375,0.7219523787498474
563.0,31.22222222222222,1.0,219.44261169433594,163.65562438964844,0.7860817313194275
564.0,31.277777777777775,1.0,221.30023193359375,167.12396240234375,0.6674200892448425
565.0,31.333333333333332,1.0,224.25680541992188,171.93759155273438,0.7119126319885254
566.0,31.388888888888886,1.0,229.42230224609375,177.89447021484375,0.6586955189704895
567.0,31.444444444444443,1.0,237.7241668701172,186.66485595703125,0.7154022455215454
568.0,31.5,1.0,245.80447387695312,195.12384033203125,0.7077264785766602
569.0,31.555555555555554,1.0,252.13575744628906,201.74227905273438,0.6942832469940186
570.0,31.61111111111111,1.0,257.58740234375,205.51953125,0.7578766345977783
571.0,31.666666666666664,1.0,266.16986083984375,209.1055908203125,0.6584449410438538
572.0,31.72222222222222,1.0,277.6858215332031,212.759521484375,0.5906997323036194
573.0,31.777777777777775,1.0,291.8214111328125,216.45361328125,0.6402755379676819
574.0,31.833333333333332,1.0,300.73223876953125,219.09461975097656,0.7082392573356628
575.0,31.888888888888886,1.0,307.16693115234375,221.49160766601562,0.6717658638954163
576.0,31.944444444444443,1.0,312.87518310546875,225.16317749023438,0.6808947324752808
577.0,32.0,1.0,320.05804443359375,234.24520874023438,0.6642978191375732
578.0,32.05555555555556,1.0,328.48150634765625,247.66766357421875,0.6823536157608032
579.0,32.11111111111111,1.0,333.11328125,258.19915771484375,0.6963856220245361
580.0,32.166666666666664,1.0,335.94488525390625,265.7864685058594,0.6902496218681335
581.0,32.22222222222222,1.0,337.0426330566406,273.6628112792969,0.7058199048042297
582.0,32.27777777777778,1.0,337.51300048828125,280.61669921875,0.7198107242584229
583.0,32.33333333333333,1.0,337.8177795410156,288.61090087890625,0.6854370832443237
584.0,32.388888888888886,1.0,337.14434814453125,298.7200622558594,0.7194512486457825
585.0,32.44444444444444,1.0,337.65203857421875,311.2283935546875,0.6796257495880127
586.0,32.5,1.0,336.1458435058594,324.488525390625,0.5976675748825073
587.0,32.55555555555556,1.0,334.0871887207031,335.11492919921875,0.6238749027252197
588.0,32.61111111111111,1.0,330.56683349609375,341.481201171875,0.671004056930542
589.0,32.666666666666664,1.0,325.87896728515625,345.62823486328125,0.7250477075576782
590.0,32.72222222222222,1.0,318.31549072265625,348.0572814941406,0.7057254910469055
591.0,32.77777777777778,1.0,307.3739318847656,349.08837890625,0.6980345845222473
592.0,32.83333333333333,1.0,294.44854736328125,347.3566589355469,0.7118883728981018
593.0,32.888888888888886,1.0,285.4155578613281,341.8677978515625,0.6301907896995544
594.0,32.94444444444444,1.0,280.91815185546875,336.09185791015625,0.6678382158279419
595.0,33.0,1.0,279.8484802246094,331.24127197265625,0.6208404302597046
596.0,33.05555555555556,1.0,280.474853515625,327.9490966796875,0.688947856426239
597.0,33.11111111111111,1.0,281.9659423828125,322.75,0.691242516040802
598.0,33.166666666666664,1.0,286.0614013671875,316.7347412109375,0.6962979435920715
599.0,33.22222222222222,1.0,292.549560546875,308.918212890625,0.6606289148330688
600.0,33.27777777777778,1.0,300.36614990234375,299.1179504394531,0.6809954643249512
601.0,33.33333333333333,1.0,304.9193115234375,292.63751220703125,0.6588262319564819
602.0,33.388888888888886,1.0,306.4136962890625,287.0506591796875,0.6674646735191345
603.0,33.44444444444444,1.0,306.8093566894531,280.6279296875,0.6521611213684082
604.0,33.5,1.0,305.91192626953125,272.8542785644531,0.690893292427063
605.0,33.55555555555556,1.0,303.7027587890625,264.1203918457031,0.5326547622680664
606.0,33.61111111111111,1.0,299.6075134277344,253.9553680419922,0.6823703646659851
607.0,33.666666666666664,1.0,294.26885986328125,243.66696166992188,0.6859650611877441
608.0,33.72222222222222,1.0,287.5458984375,236.27894592285156,0.643227219581604
609.0,33.77777777777778,1.0,282.45684814453125,231.5653839111328,0.6997582316398621
610.0,33.83333333333333,1.0,276.55743408203125,229.3002166748047,0.6449225544929504
611.0,33.888888888888886,1.0,268.74322509765625,228.72145080566406,0.7390063405036926
612.0,33.94444444444444,1.0,257.36181640625,229.14453125,0.7325760126113892
613.0,34.0,1.0,245.90951538085938,229.32302856445312,0.6927148699760437
614.0,34.05555555555556,1.0,237.04296875,230.19961547851562,0.7444862127304077
615.0,34.11111111111111,1.0,230.2357177734375,228.4994659423828,0.7513563632965088
616.0,34.166666666666664,1.0,222.9308624267578,221.88204956054688,0.6822168231010437
617.0,34.22222222222222,1.0,212.48355102539062,211.4074249267578,0.6880962252616882
618.0,34.27777777777778,1.0,206.96707153320312,204.0946502685547,0.7233611941337585
619.0,34.33333333333333,1.0,205.19386291503906,199.06027221679688,0.6756052374839783
620.0,34.388888888888886,1.0,204.08612060546875,194.5020751953125,0.5952398180961609
621.0,34.44444444444444,1.0,204.6036376953125,190.32415771484375,0.6668728590011597
622.0,34.5,1.0,205.6712646484375,182.53201293945312,0.6789369583129883
623.0,34.55555555555556,1.0,208.8824462890625,171.64273071289062,0.5967068076133728
624.0,34.61111111111111,1.0,214.95742797851562,159.48568725585938,0.6249047517776489
625.0,34.666666666666664,1.0,222.56446838378906,147.52975463867188,0.6618154048919678
626.0,34.72222222222222,1.0,227.90895080566406,138.62686157226562,0.6822984218597412
627.0,34.77777777777778,1.0,233.6999969482422,129.94227600097656,0.6623655557632446
628.0,34.83333333333333,1.0,238.87411499023438,122.75853729248047,0.7272053360939026
629.0,34.888888888888886,1.0,244.30795288085938,116.07061004638672,0.7355852127075195
630.0,34.94444444444444,1.0,251.51492309570312,109.2950439453125,0.7139051556587219
631.0,35.0,1.0,259.9774475097656,103.55558776855469,0.5981970429420471
632.0,35.05555555555556,1.0,268.56378173828125,98.44114685058594,0.6705242991447449
633.0,35.11111111111111,1.0,277.335205078125,96.7836685180664,0.6716079115867615
634.0,35.166666666666664,1.0,285.00872802734375,98.94052124023438,0.624783992767334
635.0,35.22222222222222,1.0,291.8564758300781,104.22721862792969,0.652956485748291
636.0,35.27777777777778,1.0,297.22271728515625,111.45310974121094,0.6315099596977234
637.0,35.33333333333333,1.0,301.1469421386719,118.73898315429688,0.7141107320785522
638.0,35.388888888888886,1.0,303.265380859375,125.47520446777344,0.6241536140441895
639.0,35.44444444444444,1.0,304.91015625,132.170654296875,0.5876242518424988
640.0,35.5,1.0,306.26751708984375,141.17001342773438,0.7469840049743652
641.0,35.55555555555556,1.0,306.3310546875,153.41452026367188,0.6903109550476074
642.0,35.61111111111111,1.0,304.373779296875,164.66525268554688,0.661322295665741
643.0,35.666666666666664,1.0,301.2213439941406,172.17694091796875,0.7016440629959106
644.0,35.72222222222222,1.0,296.49359130859375,177.84999084472656,0.6313254237174988
645.0,35.77777777777778,1.0,288.1282958984375,180.39730834960938,0.7141199707984924
646.0,35.83333333333333,1.0,271.38446044921875,182.6390380859375,0.609085202217102
647.0,35.888888888888886,1.0,259.54150390625,182.25816345214844,0.6136808395385742
648.0,35.94444444444444,1.0,252.8750457763672,182.82772827148438,0.6238340735435486
649.0,36.0,1.0,249.5638427734375,181.15151977539062,0.7148727178573608
650.0,36.05555555555555,1.0,246.44761657714844,178.6329803466797,0.6366486549377441
651.0,36.11111111111111,1.0,244.14158630371094,173.58226013183594,0.7462021708488464
652.0,36.166666666666664,1.0,242.56764221191406,165.56240844726562,0.6641982793807983
653.0,36.22222222222222,1.0,241.33975219726562,155.19984436035156,0.5896591544151306
654.0,36.27777777777778,1.0,240.46368408203125,146.6989288330078,0.6085066199302673
655.0,36.33333333333333,1.0,240.89889526367188,137.3358612060547,0.5872832536697388
656.0,36.388888888888886,1.0,243.58544921875,128.99916076660156,0.7022140026092529
657.0,36.44444444444444,1.0,248.96197509765625,120.56573486328125,0.660571813583374
658.0,36.5,1.0,257.37188720703125,112.310791015625,0.7173373103141785
659.0,36.55555555555555,1.0,266.87823486328125,105.81700897216797,0.6106235980987549
660.0,36.61111111111111,1.0,276.00958251953125,102.4386215209961,0.6989304423332214
661.0,36.666666666666664,1.0,284.8749694824219,100.86083984375,0.617001473903656
662.0,36.72222222222222,1.0,292.4808349609375,103.6824951171875,0.6221408247947693
663.0,36.77777777777778,1.0,298.86785888671875,109.95262145996094,0.645393967628479
664.0,36.83333333333333,1.0,303.97662353515625,117.96795654296875,0.6343481540679932
665.0,36.888888888888886,1.0,307.6166687011719,127.46746826171875,0.6982294321060181
666.0,36.94444444444444,1.0,308.311279296875,136.33363342285156,0.7255658507347107
667.0,37.0,1.0,305.3271484375,147.4284210205078,0.7231435179710388
668.0,37.05555555555555,1.0,301.036376953125,155.32754516601562,0.7736592292785645
669.0,37.11111111111111,1.0,296.33062744140625,160.60708618164062,0.6725574135780334
670.0,37.166666666666664,1.0,293.25726318359375,162.14956665039062,0.6883285641670227
671.0,37.22222222222222,1.0,288.6800537109375,163.4296875,0.7921834588050842
672.0,37.27777777777778,1.0,281.72259521484375,163.63330078125,0.7877097129821777
673.0,37.33333333333333,1.0,272.5338134765625,162.30325317382812,0.6282383799552917
674.0,37.388888888888886,1.0,264.5736083984375,160.58694458007812,0.6813870668411255
675.0,37.44444444444444,1.0,258.95147705078125,158.29847717285156,0.6255179643630981
676.0,37.5,1.0,253.69528198242188,154.40472412109375,0.6824241876602173
677.0,37.55555555555555,1.0,247.61215209960938,150.86514282226562,0.6135998964309692
678.0,37.61111111111111,1.0,240.85955810546875,146.8443603515625,0.6412550806999207
679.0,37.666666666666664,1.0,232.68817138671875,140.31585693359375,0.7369799613952637
680.0,37.72222222222222,1.0,224.1341552734375,134.25917053222656,0.6925420165061951
681.0,37.77777777777778,1.0,215.84686279296875,127.39069366455078,0.6451395750045776
682.0,37.83333333333333,1.0,208.1517333984375,122.38995361328125,0.7242574095726013
683.0,37.888888888888886,1.0,200.6580352783203,118.19483947753906,0.7085975408554077
684.0,37.94444444444444,1.0,192.10952758789062,115.63277435302734,0.6177732348442078
685.0,38.0,1.0,182.93536376953125,112.63709259033203,0.7131041288375854
686.0,38.05555555555555,1.0,173.1625213623047,111.50474548339844,0.6320255994796753
687.0,38.11111111111111,1.0,165.57666015625,113.70527648925781,0.6060052514076233
688.0,38.166666666666664,1.0,159.26077270507812,117.53361511230469,0.6267821788787842
689.0,38.22222222222222,1.0,154.4560546875,123.97136688232422,0.6441664099693298
690.0,38.27777777777778,1.0,151.17300415039062,131.54013061523438,0.7549729347229004
691.0,38.33333333333333,1.0,148.608154296875,140.38946533203125,0.6589959859848022
692.0,38.388888888888886,1.0,147.3787841796875,148.53826904296875,0.6194208860397339
693.0,38.44444444444444,1.0,146.41751098632812,155.99581909179688,0.6404832601547241
694.0,38.5,1.0,146.53948974609375,166.5888671875,0.6463460326194763
695.0,38.55555555555555,1.0,148.80917358398438,179.41964721679688,0.6929500699043274
696.0,38.61111111111111,1.0,152.9208984375,191.3020477294922,0.6312662363052368
697.0,38.666666666666664,1.0,157.38906860351562,198.297119140625,0.6927140951156616
698.0,38.72222222222222,1.0,160.4331817626953,204.25592041015625,0.6401243209838867
699.0,38.77777777777778,1.0,162.17803955078125,210.13217163085938,0.7311935424804688
700.0,38.83333333333333,1.0,164.28257751464844,217.6299591064453,0.6992909908294678
701.0,38.888888888888886,1.0,166.3453369140625,229.54403686523438,0.6085249185562134
702.0,38.94444444444444,1.0,168.88720703125,243.6837158203125,0.6773698925971985
703.0,39.0,1.0,171.42501831054688,253.0002899169922,0.6206446886062622
704.0,39.05555555555555,1.0,173.98687744140625,260.2535400390625,0.709175169467926
705.0,39.11111111111111,1.0,178.19395446777344,266.32342529296875,0.6379057168960571
706.0,39.166666666666664,1.0,183.35971069335938,271.54608154296875,0.6887222528457642
707.0,39.22222222222222,1.0,189.573486328125,276.677490234375,0.6781367063522339
708.0,39.27777777777778,1.0,196.80213928222656,281.12451171875,0.599912166595459
709.0,39.33333333333333,1.0,204.6202392578125,285.86712646484375,0.6844334602355957
710.0,39.388888888888886,1.0,213.24215698242188,290.338134765625,0.6740162372589111
711.0,39.44444444444444,1.0,222.57142639160156,294.84234619140625,0.5418229699134827
712.0,39.5,1.0,232.12879943847656,299.16619873046875,0.6598700881004333
713.0,39.55555555555555,1.0,240.54428100585938,302.5658874511719,0.6438674926757812
714.0,39.61111111111111,1.0,247.9872283935547,305.4994201660156,0.5881958603858948
715.0,39.666666666666664,1.0,254.7782745361328,308.53826904296875,0.5860238671302795
716.0,39.72222222222222,1.0,260.9691467285156,309.9873046875,0.7180103659629822
717.0,39.77777777777778,1.0,267.7702941894531,311.56634521484375,0.6108919978141785
718.0,39.83333333333333,1.0,275.114013671875,312.64215087890625,0.674910843372345
719.0,39.888888888888886,1.0,282.48822021484375,313.671142578125,0.6805691719055176
720.0,39.94444444444444,1.0,290.7115478515625,313.9681091308594,0.5600243210792542
721.0,40.0,1.0,299.8523254394531,312.86566162109375,0.6243919134140015
722.0,40.05555555555555,1.0,308.1632080078125,311.5880432128906,0.6130160093307495
723.0,40.11111111111111,1.0,317.71435546875,309.21112060546875,0.7014995813369751
724.0,40.166666666666664,1.0,327.06805419921875,305.5299072265625,0.6730751395225525
725.0,40.22222222222222,1.0,336.61016845703125,301.2960510253906,0.675274133682251
726.0,40.27777777777778,1.0,345.572509765625,296.14019775390625,0.6892682909965515
727.0,40.33333333333333,1.0,354.59356689453125,290.84710693359375,0.6704708337783813
728.0,40.388888888888886,1.0,362.7242431640625,285.0000915527344,0.7140464782714844
729.0,40.44444444444444,1.0,370.636474609375,277.91595458984375,0.6008537411689758
730.0,40.5,1.0,378.8496398925781,271.97314453125,0.6393871307373047
731.0,40.55555555555555,1.0,385.50665283203125,264.9312438964844,0.6108294129371643
732.0,40.61111111111111,1.0,391.3326416015625,257.52459716796875,0.5897104144096375
733.0,40.666666666666664,1.0,395.9356689453125,249.33758544921875,0.6611747145652771
734.0,40.72222222222222,1.0,398.7664794921875,241.65072631835938,0.6833345890045166
735.0,40.77777777777778,1.0,399.47320556640625,233.39468383789062,0.6943868398666382
736.0,40.83333333333333,1.0,398.06854248046875,224.15855407714844,0.6271619200706482
737.0,40.888888888888886,1.0,395.27484130859375,215.7584228515625,0.6627861857414246
738.0,40.94444444444444,1.0,391.82232666015625,207.7777099609375,0.5821871161460876
739.0,41.0,1.0,388.4568786621094,199.33871459960938,0.6709179878234863
740.0,41.05555555555555,1.0,384.23590087890625,191.38189697265625,0.6047192215919495
741.0,41.11111111111111,1.0,380.014892578125,182.93634033203125,0.5979162454605103
742.0,41.166666666666664,1.0,374.93878173828125,173.04010009765625,0.7368383407592773
743.0,41.22222222222222,1.0,370.48480224609375,163.0971221923828,0.6663205623626709
744.0,41.27777777777778,1.0,365.5821533203125,153.88157653808594,0.6304406523704529
745.0,41.33333333333333,1.0,360.48626708984375,145.5540008544922,0.6140032410621643
746.0,41.388888888888886,1.0,355.65887451171875,137.2454071044922,0.6877110004425049
747.0,41.44444444444444,1.0,350.30322265625,130.14007568359375,0.7247214913368225
748.0,41.5,1.0,344.1202697753906,124.72770690917969,0.7155535817146301
749.0,41.55555555555555,1.0,336.4591369628906,121.40229034423828,0.6608721613883972
750.0,41.61111111111111,1.0,328.3998107910156,118.8111572265625,0.6329004168510437
751.0,41.666666666666664,1.0,319.52392578125,118.51544189453125,0.7314450740814209
752.0,41.72222222222222,1.0,309.9215087890625,119.26911163330078,0.5909711718559265
753.0,41.77777777777778,1.0,300.6307678222656,120.98968505859375,0.7231940031051636
754.0,41.83333333333333,1.0,291.335693359375,122.82452392578125,0.6722590923309326
755.0,41.888888888888886,1.0,281.7178955078125,124.85697937011719,0.730471134185791
756.0,41.94444444444444,1.0,272.11419677734375,129.0334930419922,0.6163157224655151
757.0,42.0,1.0,262.25592041015625,134.8690948486328,0.7268032431602478
758.0,42.05555555555555,1.0,254.53578186035156,142.8626251220703,0.6156333088874817
759.0,42.11111111111111,1.0,248.46734619140625,151.88038635253906,0.7191975712776184
760.0,42.166666666666664,1.0,244.4434814453125,159.99215698242188,0.6834278702735901
761.0,42.22222222222222,1.0,242.3126220703125,167.57305908203125,0.6350847482681274
762.0,42.27777777777778,1.0,241.20245361328125,178.09127807617188,0.6446126103401184
763.0,42.33333333333333,1.0,242.5042266845703,193.12774658203125,0.6010378003120422
764.0,42.388888888888886,1.0,243.4134521484375,204.95220947265625,0.672432541847229
765.0,42.44444444444444,1.0,243.5987548828125,210.55136108398438,0.6910349130630493
766.0,42.5,1.0,244.0565185546875,214.19715881347656,0.6661303639411926
767.0,42.55555555555555,1.0,243.32489013671875,217.45382690429688,0.6660477519035339
768.0,42.61111111111111,1.0,242.4981689453125,221.85006713867188,0.6884879469871521
769.0,42.666666666666664,1.0,241.58493041992188,228.7366943359375,0.6786346435546875
770.0,42.72222222222222,1.0,240.0220947265625,236.58323669433594,0.7052809000015259
771.0,42.77777777777778,1.0,238.24514770507812,243.34759521484375,0.7152308225631714
772.0,42.83333333333333,1.0,234.9569549560547,249.87034606933594,0.601628303527832
773.0,42.888888888888886,1.0,230.90040588378906,256.2105712890625,0.664115309715271
774.0,42.94444444444444,1.0,221.75189208984375,264.46490478515625,0.57858806848526
775.0,43.0,1.0,209.92408752441406,272.06378173828125,0.6157332062721252
776.0,43.05555555555555,1.0,200.18716430664062,275.3946838378906,0.6876816749572754
777.0,43.11111111111111,1.0,191.30023193359375,277.49609375,0.6318237781524658
778.0,43.166666666666664,1.0,183.78289794921875,277.80255126953125,0.5954856872558594
779.0,43.22222222222222,1.0,174.11553955078125,278.7479553222656,0.663021445274353
780.0,43.27777777777778,1.0,163.72702026367188,277.01348876953125,0.7332937121391296
781.0,43.33333333333333,1.0,153.06842041015625,275.37744140625,0.5686032176017761
782.0,43.388888888888886,1.0,144.14739990234375,274.1908264160156,0.6659688353538513
783.0,43.44444444444444,1.0,137.1956787109375,272.2794494628906,0.7031301259994507
784.0,43.5,1.0,130.0367889404297,268.5789794921875,0.6194447875022888
785.0,43.55555555555555,1.0,122.96121215820312,265.5355529785156,0.623009204864502
786.0,43.61111111111111,1.0,115.43574523925781,259.62811279296875,0.6445227861404419
787.0,43.666666666666664,1.0,107.68370819091797,252.3765106201172,0.6765762567520142
788.0,43.72222222222222,1.0,101.17798614501953,245.62884521484375,0.7387984395027161
789.0,43.77777777777778,1.0,96.717529296875,237.8536376953125,0.594704270362854
790.0,43.83333333333333,1.0,94.92140197753906,230.288330078125,0.7181195020675659
791.0,43.888888888888886,1.0,96.31875610351562,221.79847717285156,0.6152128577232361
792.0,43.94444444444444,1.0,99.91659545898438,214.37721252441406,0.671217143535614
793.0,44.0,1.0,104.52207946777344,205.93423461914062,0.5708231329917908
794.0,44.05555555555555,1.0,109.88616943359375,199.25405883789062,0.5874428153038025
795.0,44.11111111111111,1.0,114.49185180664062,193.19549560546875,0.707441508769989
796.0,44.166666666666664,1.0,119.27629089355469,187.16738891601562,0.6842358708381653
797.0,44.22222222222222,1.0,124.36123657226562,180.27674865722656,0.6690118908882141
798.0,44.27777777777778,1.0,130.10867309570312,172.66531372070312,0.681686520576477
799.0,44.33333333333333,1.0,135.4130096435547,165.11602783203125,0.6652955412864685
800.0,44.388888888888886,1.0,141.66253662109375,157.7711181640625,0.6521182656288147
801.0,44.44444444444444,1.0,147.504150390625,151.71087646484375,0.6826922297477722
802.0,44.5,1.0,154.36856079101562,146.27320861816406,0.6658312082290649
803.0,44.55555555555555,1.0,161.7440948486328,141.65533447265625,0.6788477897644043
804.0,44.61111111111111,1.0,170.44920349121094,137.34786987304688,0.7096325159072876
805.0,44.666666666666664,1.0,179.73268127441406,135.42709350585938,0.6777510643005371
806.0,44.72222222222222,1.0,188.16400146484375,135.42202758789062,0.7252194881439209
807.0,44.77777777777778,1.0,197.48272705078125,136.87498474121094,0.6339624524116516
808.0,44.83333333333333,1.0,204.87017822265625,141.77066040039062,0.6954817175865173
809.0,44.888888888888886,1.0,210.40774536132812,147.89173889160156,0.670021116733551
810.0,44.94444444444444,1.0,214.157958984375,154.47174072265625,0.6807680726051331
811.0,45.0,1.0,216.6920166015625,160.26361083984375,0.6301372051239014
812.0,45.05555555555555,1.0,218.14146423339844,166.51849365234375,0.7214189767837524
813.0,45.11111111111111,1.0,220.05361938476562,173.699951171875,0.710404634475708
814.0,45.166666666666664,1.0,224.02024841308594,184.6447296142578,0.6741986274719238
815.0,45.22222222222222,1.0,231.692138671875,198.36549377441406,0.6601715087890625
816.0,45.27777777777778,1.0,238.92510986328125,208.39511108398438,0.7295088768005371
817.0,45.33333333333333,1.0,243.62176513671875,212.53253173828125,0.6928046941757202
818.0,45.388888888888886,1.0,247.5485382080078,216.98574829101562,0.6539011597633362
819.0,45.44444444444444,1.0,251.67591857910156,220.603515625,0.6988000869750977
820.0,45.5,1.0,255.8265380859375,224.27682495117188,0.6339823603630066
821.0,45.55555555555555,1.0,259.9365234375,229.7513427734375,0.5960460305213928
822.0,45.61111111111111,1.0,265.1260986328125,236.80287170410156,0.5995297431945801
823.0,45.666666666666664,1.0,274.1694030761719,247.1112060546875,0.7028211951255798
824.0,45.72222222222222,1.0,285.9001159667969,257.003662109375,0.6855082511901855
825.0,45.77777777777778,1.0,296.030029296875,263.88372802734375,0.633495032787323
826.0,45.83333333333333,1.0,304.9100341796875,267.02313232421875,0.6753540635108948
827.0,45.888888888888886,1.0,313.00250244140625,267.8856506347656,0.7056705951690674
828.0,45.94444444444444,1.0,323.2427978515625,265.95941162109375,0.656534731388092
829.0,46.0,1.0,332.744384765625,261.8418273925781,0.7317008376121521
830.0,46.05555555555555,1.0,341.2038879394531,257.34332275390625,0.6242616176605225
831.0,46.11111111111111,1.0,348.551025390625,253.15037536621094,0.6572257280349731
832.0,46.166666666666664,1.0,354.3233642578125,247.65728759765625,0.6900455951690674
833.0,46.22222222222222,1.0,359.8912353515625,242.91329956054688,0.6147029399871826
834.0,46.27777777777778,1.0,365.5235595703125,236.79632568359375,0.6094674468040466
835.0,46.33333333333333,1.0,371.14202880859375,229.8192138671875,0.6476836204528809
836.0,46.388888888888886,1.0,377.231201171875,221.28311157226562,0.6878750324249268
837.0,46.44444444444444,1.0,381.54864501953125,212.04653930664062,0.6879660487174988
838.0,46.5,1.0,384.6927185058594,203.46694946289062,0.6379387974739075
839.0,46.55555555555555,1.0,386.64910888671875,194.37026977539062,0.63224196434021
840.0,46.61111111111111,1.0,386.7493896484375,185.821533203125,0.6756502389907837
841.0,46.666666666666664,1.0,385.8951110839844,177.6281280517578,0.6151129007339478
842.0,46.72222222222222,1.0,381.6568603515625,169.4837646484375,0.6963735222816467
843.0,46.77777777777778,1.0,375.72369384765625,163.47744750976562,0.6850221753120422
844.0,46.83333333333333,1.0,368.44378662109375,159.3868408203125,0.6725663542747498
845.0,46.888888888888886,1.0,362.01898193359375,155.4698486328125,0.6529915928840637
846.0,46.94444444444444,1.0,355.8822937011719,153.91500854492188,0.7115916609764099
847.0,47.0,1.0,350.7777099609375,152.108642578125,0.702226459980011
848.0,47.05555555555555,1.0,343.94268798828125,149.34869384765625,0.7052910923957825
849.0,47.11111111111111,1.0,335.7928771972656,147.23667907714844,0.6753482222557068
850.0,47.166666666666664,1.0,325.51641845703125,143.79232788085938,0.6987670660018921
851.0,47.22222222222222,1.0,314.46417236328125,142.21597290039062,0.6900277137756348
852.0,47.27777777777778,1.0,304.9291687011719,141.6419677734375,0.6729611158370972
853.0,47.33333333333333,1.0,294.9317626953125,142.80914306640625,0.686850368976593
854.0,47.388888888888886,1.0,287.6417236328125,145.90872192382812,0.7060096263885498
855.0,47.44444444444444,1.0,280.3238525390625,148.2887420654297,0.676845371723175
856.0,47.5,1.0,274.6184387207031,151.61453247070312,0.7430369257926941
857.0,47.55555555555555,1.0,267.53851318359375,154.26417541503906,0.6839349865913391
858.0,47.61111111111111,1.0,258.75225830078125,154.8115234375,0.6879734396934509
859.0,47.666666666666664,1.0,247.0541229248047,155.34576416015625,0.618706226348877
860.0,47.72222222222222,1.0,235.30459594726562,155.0577392578125,0.6411793231964111
861.0,47.77777777777778,1.0,224.78009033203125,154.97097778320312,0.7160759568214417
862.0,47.83333333333333,1.0,215.19485473632812,154.44699096679688,0.6800897121429443
863.0,47.888888888888886,1.0,204.0318603515625,153.1588134765625,0.7093030214309692
864.0,47.94444444444444,1.0,189.2730255126953,150.82369995117188,0.7592049241065979
865.0,48.0,1.0,176.06646728515625,147.5462188720703,0.6875656247138977
866.0,48.05555555555555,1.0,166.9486846923828,145.14328002929688,0.5814254283905029
867.0,48.11111111111111,1.0,160.863525390625,143.34136962890625,0.6350730061531067
868.0,48.166666666666664,1.0,155.034423828125,142.7744903564453,0.7170742154121399
869.0,48.22222222222222,1.0,148.3827362060547,142.35121154785156,0.6991510391235352
870.0,48.27777777777778,1.0,139.92068481445312,142.9191131591797,0.7121075391769409
871.0,48.33333333333333,1.0,129.0997772216797,144.29940795898438,0.6186968088150024
872.0,48.388888888888886,1.0,119.22064208984375,147.72607421875,0.7272204160690308
873.0,48.44444444444444,1.0,112.3109130859375,152.95223999023438,0.7483579516410828
874.0,48.5,1.0,109.4441909790039,159.42626953125,0.6150411367416382
875.0,48.55555555555555,1.0,108.52310180664062,167.26779174804688,0.6040279865264893
876.0,48.61111111111111,1.0,110.16940307617188,176.42372131347656,0.6577804088592529
877.0,48.666666666666664,1.0,113.06636810302734,184.4564208984375,0.6517860889434814
878.0,48.72222222222222,1.0,116.45182800292969,192.84063720703125,0.564486563205719
879.0,48.77777777777778,1.0,121.23026275634766,201.18600463867188,0.587788462638855
880.0,48.83333333333333,1.0,128.67356872558594,209.83200073242188,0.6090346574783325
881.0,48.888888888888886,1.0,137.98361206054688,216.6254119873047,0.6852434873580933
882.0,48.94444444444444,1.0,147.36685180664062,220.7572479248047,0.596645176410675
883.0,49.0,1.0,152.87208557128906,221.87313842773438,0.651098370552063
884.0,49.05555555555555,1.0,156.02548217773438,222.04934692382812,0.7336953282356262
885.0,49.11111111111111,1.0,160.82980346679688,218.65426635742188,0.619821310043335
886.0,49.166666666666664,1.0,166.80517578125,212.29345703125,0.6287161111831665
887.0,49.22222222222222,1.0,174.94692993164062,199.04852294921875,0.6864831447601318
888.0,49.27777777777778,1.0,180.76611328125,190.48660278320312,0.7303363084793091
889.0,49.33333333333333,1.0,185.09396362304688,184.9903564453125,0.6931930184364319
890.0,49.388888888888886,1.0,188.544677734375,181.90682983398438,0.7147949934005737
891.0,49.44444444444444,1.0,192.07131958007812,180.39178466796875,0.5846364498138428
892.0,49.5,1.0,196.53713989257812,180.82736206054688,0.5884303450584412
893.0,49.55555555555555,1.0,205.86245727539062,184.93988037109375,0.7191621661186218
894.0,49.61111111111111,1.0,220.17742919921875,192.297607421875,0.6956255435943604
895.0,49.666666666666664,1.0,229.5567626953125,199.17315673828125,0.6562249064445496
896.0,49.72222222222222,1.0,233.32608032226562,201.8525848388672,0.6875821948051453
897.0,49.77777777777777,1.0,235.52008056640625,203.07156372070312,0.648973286151886
898.0,49.83333333333333,1.0,236.02301025390625,203.0378875732422,0.6593356728553772
899.0,49.888888888888886,1.0,237.62765502929688,202.419189453125,0.6724782586097717
900.0,49.94444444444444,1.0,239.70108032226562,200.6507568359375,0.5935993194580078
901.0,50.0,1.0,242.57144165039062,199.62025451660156,0.6121919751167297
902.0,50.05555555555555,1.0,246.29534912109375,198.29843139648438,0.6851264238357544
903.0,50.11111111111111,1.0,256.314208984375,192.45379638671875,0.708014965057373
904.0,50.166666666666664,1.0,271.7358093261719,183.12962341308594,0.6552526950836182
905.0,50.22222222222222,1.0,283.51904296875,174.66757202148438,0.6357083916664124
906.0,50.27777777777777,1.0,291.3041687011719,170.1285400390625,0.5811561942100525
907.0,50.33333333333333,1.0,296.1531982421875,167.48910522460938,0.6080523133277893
908.0,50.388888888888886,1.0,299.76092529296875,166.36917114257812,0.7236306667327881
909.0,50.44444444444444,1.0,304.44683837890625,165.3006591796875,0.6465930342674255
910.0,50.5,1.0,308.58709716796875,165.53118896484375,0.6786282658576965
911.0,50.55555555555555,1.0,313.25921630859375,164.97494506835938,0.6566773653030396
912.0,50.61111111111111,1.0,320.40472412109375,162.541748046875,0.6727301478385925
913.0,50.666666666666664,1.0,327.17498779296875,161.87594604492188,0.6726779937744141
914.0,50.72222222222222,1.0,335.05810546875,161.14889526367188,0.6188747882843018
915.0,50.77777777777777,1.0,343.61651611328125,160.64785766601562,0.6062418818473816
916.0,50.83333333333333,1.0,351.63104248046875,161.4606170654297,0.6480135321617126
917.0,50.888888888888886,1.0,358.8585205078125,163.0027313232422,0.6020312309265137
918.0,50.94444444444444,1.0,366.306640625,165.7952880859375,0.649420440196991
919.0,51.0,1.0,373.6822814941406,168.96542358398438,0.6032313108444214
920.0,51.05555555555555,1.0,381.20977783203125,174.40228271484375,0.6723819971084595
921.0,51.11111111111111,1.0,387.75152587890625,180.7208709716797,0.6800928115844727
922.0,51.166666666666664,1.0,393.69036865234375,187.23382568359375,0.627712607383728
923.0,51.22222222222222,1.0,395.752685546875,195.82635498046875,0.7104989886283875
924.0,51.27777777777777,1.0,396.19317626953125,204.33474731445312,0.6150999665260315
925.0,51.33333333333333,1.0,395.14251708984375,212.4400634765625,0.6738264560699463
926.0,51.388888888888886,1.0,392.4313659667969,221.77972412109375,0.6958306431770325
927.0,51.44444444444444,1.0,388.9510192871094,230.02479553222656,0.7370338439941406
928.0,51.5,1.0,385.74505615234375,237.46673583984375,0.6602570414543152
929.0,51.55555555555555,1.0,381.61297607421875,247.14007568359375,0.7204521298408508
930.0,51.61111111111111,1.0,377.7761535644531,255.9254150390625,0.6358292102813721
931.0,51.666666666666664,1.0,374.05975341796875,265.96875,0.711705207824707
932.0,51.72222222222222,1.0,370.0084228515625,274.58258056640625,0.7232463955879211
933.0,51.77777777777777,1.0,365.798095703125,284.3395080566406,0.664849042892456
934.0,51.83333333333333,1.0,360.976806640625,291.8077087402344,0.6983078122138977
935.0,51.888888888888886,1.0,355.93829345703125,298.9717102050781,0.6971505880355835
936.0,51.94444444444444,1.0,349.90069580078125,305.3167419433594,0.7172346115112305
937.0,52.0,1.0,343.04339599609375,310.337890625,0.7116946578025818
938.0,52.05555555555555,1.0,335.1729431152344,314.291015625,0.5306458473205566
939.0,52.11111111111111,1.0,327.30047607421875,316.4395751953125,0.6151329874992371
940.0,52.166666666666664,1.0,319.0832214355469,317.538330078125,0.7260274291038513
941.0,52.22222222222222,1.0,310.274658203125,317.9215087890625,0.6700059175491333
942.0,52.27777777777777,1.0,301.3499755859375,317.9037170410156,0.6971780061721802
943.0,52.33333333333333,1.0,291.6522216796875,317.16937255859375,0.6796902418136597
944.0,52.388888888888886,1.0,281.6170654296875,316.08245849609375,0.7458098530769348
945.0,52.44444444444444,1.0,272.90911865234375,312.587890625,0.6267417669296265
946.0,52.5,1.0,264.006591796875,308.8922119140625,0.6826066970825195
947.0,52.55555555555555,1.0,255.697509765625,303.2207336425781,0.6730402708053589
948.0,52.61111111111111,1.0,249.0520782470703,294.3282470703125,0.6134782433509827
949.0,52.666666666666664,1.0,243.62918090820312,285.6806640625,0.7028037309646606
950.0,52.72222222222222,1.0,239.79669189453125,278.4066162109375,0.6481755971908569
951.0,52.77777777777777,1.0,237.05722045898438,270.2193603515625,0.682488739490509
952.0,52.83333333333333,1.0,235.50177001953125,258.52215576171875,0.5979439616203308
953.0,52.888888888888886,1.0,237.01113891601562,241.24684143066406,0.6862066984176636
954.0,52.94444444444444,1.0,238.14111328125,230.81515502929688,0.7067123055458069
955.0,53.0,1.0,237.5423583984375,228.3814697265625,0.7540025115013123
956.0,53.05555555555555,1.0,237.9813232421875,225.63922119140625,0.7546272277832031
957.0,53.11111111111111,1.0,239.01962280273438,221.10218811035156,0.7556557059288025
958.0,53.166666666666664,1.0,241.12001037597656,213.45770263671875,0.5655136704444885
959.0,53.22222222222222,1.0,242.97000122070312,205.05018615722656,0.6881383657455444
960.0,53.27777777777777,1.0,243.61114501953125,198.28216552734375,0.6551699042320251
961.0,53.33333333333333,1.0,243.4573211669922,191.75921630859375,0.6725873947143555
962.0,53.388888888888886,1.0,243.514404296875,184.8406982421875,0.6890073418617249
963.0,53.44444444444444,1.0,241.68560791015625,173.183837890625,0.6024841070175171
964.0,53.5,1.0,237.86724853515625,158.70663452148438,0.7115147709846497
965.0,53.55555555555555,1.0,234.85250854492188,146.185546875,0.584680438041687
966.0,53.61111111111111,1.0,232.40646362304688,136.572265625,0.726509690284729
967.0,53.666666666666664,1.0,231.02500915527344,128.97311401367188,0.7190849781036377
968.0,53.72222222222222,1.0,231.0072021484375,122.64521789550781,0.71495121717453
969.0,53.77777777777777,1.0,232.5638427734375,113.45992279052734,0.6950992345809937
970.0,53.83333333333333,1.0,235.295166015625,100.82254028320312,0.6088905334472656
971.0,53.888888888888886,1.0,238.85052490234375,86.04822540283203,0.6627877354621887
972.0,53.94444444444444,1.0,242.68154907226562,77.55979919433594,0.6080054044723511
973.0,54.0,1.0,246.250732421875,71.16090393066406,0.536331057548523
974.0,54.05555555555555,1.0,249.83636474609375,66.28736877441406,0.611554741859436
975.0,54.11111111111111,1.0,254.71253967285156,62.673728942871094,0.552496075630188
976.0,54.166666666666664,1.0,259.2483215332031,61.55204772949219,0.5369303822517395
977.0,54.22222222222222,1.0,265.1205139160156,62.51349639892578,0.5691432356834412
978.0,54.27777777777777,1.0,271.8750305175781,65.48915100097656,0.5261580944061279
979.0,54.33333333333333,1.0,280.55987548828125,68.87893676757812,0.620326817035675
980.0,54.388888888888886,1.0,288.44207763671875,74.49990844726562,0.6232489347457886
981.0,54.44444444444444,1.0,297.8152160644531,80.59996032714844,0.5389698147773743
982.0,54.5,1.0,306.1972351074219,88.95993041992188,0.5575709939002991
983.0,54.55555555555555,1.0,312.02056884765625,97.66290283203125,0.6724634766578674
984.0,54.61111111111111,1.0,314.70440673828125,107.63848114013672,0.6397506594657898
985.0,54.666666666666664,1.0,313.2177734375,117.20536804199219,0.6735883355140686
986.0,54.72222222222222,1.0,309.55865478515625,124.11779022216797,0.590836226940155
987.0,54.77777777777777,1.0,303.8611755371094,128.41757202148438,0.5670114159584045
988.0,54.83333333333333,1.0,296.2047119140625,129.8424072265625,0.6043698191642761
989.0,54.888888888888886,1.0,285.2279357910156,129.4119110107422,0.5772728323936462
990.0,54.94444444444444,1.0,277.980224609375,128.0333709716797,0.6092963218688965
991.0,55.0,1.0,273.29119873046875,125.51605224609375,0.6528141498565674
992.0,55.05555555555555,1.0,270.4637451171875,124.0184326171875,0.6406312584877014
993.0,55.11111111111111,1.0,266.0028076171875,122.65013122558594,0.6118285655975342
994.0,55.166666666666664,1.0,258.6601257324219,120.90702819824219,0.5585115551948547
995.0,55.22222222222222,1.0,250.4910888671875,119.53089904785156,0.6869890093803406
996.0,55.27777777777777,1.0,241.02880859375,119.56062316894531,0.6022273898124695
997.0,55.33333333333333,1.0,231.84063720703125,120.90435791015625,0.7036746144294739
998.0,55.388888888888886,1.0,223.11874389648438,122.87417602539062,0.6877007484436035
999.0,55.44444444444444,1.0,215.0369873046875,127.69486999511719,0.6228284239768982
1000.0,55.5,1.0,208.08407592773438,133.0209503173828,0.7317185997962952
1001.0,55.55555555555555,1.0,202.34555053710938,140.61167907714844,0.630454421043396
1002.0,55.61111111111111,1.0,199.095947265625,148.55972290039062,0.7029099464416504
1003.0,55.666666666666664,1.0,197.44854736328125,155.8284912109375,0.5812957882881165
1004.0,55.72222222222222,1.0,198.34616088867188,162.84564208984375,0.653025209903717
1005.0,55.77777777777777,1.0,199.41314697265625,169.73388671875,0.6136484742164612
1006.0,55.83333333333333,1.0,202.33668518066406,177.54302978515625,0.5859758853912354
1007.0,55.888888888888886,1.0,208.76670837402344,187.34454345703125,0.5692889094352722
1008.0,55.94444444444444,1.0,215.29568481445312,199.41558837890625,0.6517550945281982
1009.0,56.0,1.0,219.7958526611328,209.92312622070312,0.710047721862793
1010.0,56.05555555555555,1.0,221.24496459960938,219.34625244140625,0.6361114382743835
1011.0,56.11111111111111,1.0,221.53445434570312,227.7601318359375,0.6074134111404419
1012.0,56.166666666666664,1.0,221.45849609375,236.18760681152344,0.6538126468658447
1013.0,56.22222222222222,1.0,222.2433624267578,242.9578857421875,0.6074844598770142
1014.0,56.27777777777777,1.0,224.9302978515625,248.8045196533203,0.7057384848594666
1015.0,56.33333333333333,1.0,228.13320922851562,255.539794921875,0.5749286413192749
1016.0,56.388888888888886,1.0,235.08853149414062,263.2986145019531,0.6951855421066284
1017.0,56.44444444444444,1.0,245.254150390625,270.96478271484375,0.6108140349388123
1018.0,56.5,1.0,255.9367218017578,276.2007141113281,0.6399409174919128
1019.0,56.55555555555555,1.0,263.49688720703125,279.41607666015625,0.6959919929504395
1020.0,56.61111111111111,1.0,270.67034912109375,280.0980224609375,0.6645366549491882
1021.0,56.666666666666664,1.0,277.3516845703125,280.2206726074219,0.6149747967720032
1022.0,56.72222222222222,1.0,285.2945556640625,278.3747253417969,0.6244478225708008
1023.0,56.77777777777777,1.0,293.4447021484375,272.8372802734375,0.7108061909675598
1024.0,56.83333333333333,1.0,303.1899108886719,262.6711120605469,0.668022871017456
1025.0,56.888888888888886,1.0,309.5484313964844,250.25869750976562,0.5558505058288574
1026.0,56.94444444444444,1.0,312.1608581542969,238.36961364746094,0.617020308971405
1027.0,57.0,1.0,311.7403564453125,228.51681518554688,0.6785888671875
1028.0,57.05555555555555,1.0,310.63714599609375,218.8172607421875,0.5670257210731506
1029.0,57.11111111111111,1.0,308.095703125,212.44970703125,0.615000307559967
1030.0,57.166666666666664,1.0,309.26434326171875,205.76083374023438,0.6338716745376587
1031.0,57.22222222222222,1.0,313.86474609375,196.87203979492188,0.6911952495574951
1032.0,57.27777777777777,1.0,323.906494140625,185.02894592285156,0.6135878562927246
1033.0,57.33333333333333,1.0,330.1711120605469,177.93077087402344,0.6486456990242004
1034.0,57.388888888888886,1.0,334.46722412109375,172.14923095703125,0.5871677398681641
1035.0,57.44444444444444,1.0,338.28302001953125,167.6087646484375,0.7137008905410767
1036.0,57.5,1.0,341.138916015625,164.97607421875,0.6780518293380737
1037.0,57.55555555555555,1.0,344.7386474609375,162.10568237304688,0.7666850090026855
1038.0,57.61111111111111,1.0,348.7457275390625,160.50965881347656,0.6983239650726318
1039.0,57.666666666666664,1.0,354.47039794921875,158.94151306152344,0.6214503645896912
1040.0,57.72222222222222,1.0,357.38348388671875,158.4391632080078,0.6772971153259277
1041.0,57.77777777777777,1.0,362.8834228515625,156.0624542236328,0.6392835974693298
1042.0,57.83333333333333,1.0,368.2178649902344,155.79977416992188,0.633022129535675
1043.0,57.888888888888886,1.0,374.96630859375,155.40426635742188,0.6520845890045166
1044.0,57.94444444444444,1.0,383.068359375,154.8494110107422,0.6805421113967896
1045.0,58.0,1.0,391.2078857421875,155.47238159179688,0.6208581328392029
1046.0,58.05555555555555,1.0,396.757568359375,158.04400634765625,0.5567885041236877
1047.0,58.11111111111111,1.0,401.19903564453125,161.9007110595703,0.676719069480896
1048.0,58.166666666666664,1.0,405.663818359375,167.79000854492188,0.6144283413887024
1049.0,58.22222222222222,1.0,409.61541748046875,176.81573486328125,0.6018435955047607
1050.0,58.27777777777777,1.0,412.11138916015625,186.5883026123047,0.6700351238250732
1051.0,58.33333333333333,1.0,411.8137512207031,197.0661163330078,0.7538573741912842
1052.0,58.388888888888886,1.0,409.996826171875,205.49774169921875,0.6600202322006226
1053.0,58.44444444444444,1.0,405.51568603515625,211.9400634765625,0.6929691433906555
1054.0,58.5,1.0,397.97149658203125,217.06723022460938,0.6578885316848755
1055.0,58.55555555555555,1.0,389.8492431640625,219.185302734375,0.6616463661193848
1056.0,58.61111111111111,1.0,381.7168273925781,218.67547607421875,0.6754887700080872
1057.0,58.666666666666664,1.0,373.58538818359375,216.60833740234375,0.6939451694488525
1058.0,58.72222222222222,1.0,363.244384765625,212.59832763671875,0.5703852772712708
1059.0,58.77777777777777,1.0,353.38055419921875,208.19186401367188,0.5621893405914307
1060.0,58.83333333333333,1.0,348.5009460449219,205.3994140625,0.6430391073226929
1061.0,58.888888888888886,1.0,342.8116149902344,205.07626342773438,0.723563551902771
1062.0,58.94444444444444,1.0,338.6195068359375,204.58584594726562,0.7108556628227234
1063.0,59.0,1.0,333.6628112792969,203.45480346679688,0.6301844716072083
1064.0,59.05555555555555,1.0,326.3760986328125,200.0062255859375,0.719369649887085
1065.0,59.11111111111111,1.0,316.5594177246094,197.55667114257812,0.673672080039978
1066.0,59.166666666666664,1.0,304.096923828125,194.61550903320312,0.5861184000968933
1067.0,59.22222222222222,1.0,292.63555908203125,192.80990600585938,0.6703082323074341
1068.0,59.27777777777777,1.0,284.4122314453125,192.44493103027344,0.6580873727798462
1069.0,59.33333333333333,1.0,278.4143981933594,192.3701171875,0.6798018217086792
1070.0,59.388888888888886,1.0,272.2650146484375,191.27993774414062,0.6357865929603577
1071.0,59.44444444444444,1.0,265.16876220703125,186.431396484375,0.6636836528778076
1072.0,59.5,1.0,256.46185302734375,175.29066467285156,0.6946759819984436
1073.0,59.55555555555555,1.0,249.1605224609375,163.70962524414062,0.6091698408126831
1074.0,59.61111111111111,1.0,243.6639862060547,158.74996948242188,0.647254467010498
1075.0,59.666666666666664,1.0,239.64840698242188,154.47024536132812,0.6790271997451782
1076.0,59.72222222222222,1.0,235.4361572265625,152.06863403320312,0.5188456177711487
1077.0,59.77777777777777,1.0,231.5595703125,148.86761474609375,0.6764447689056396
1078.0,59.83333333333333,1.0,225.16563415527344,148.1212158203125,0.7277256846427917
1079.0,59.888888888888886,1.0,216.07699584960938,148.71185302734375,0.6384413242340088
1080.0,59.94444444444444,1.0,203.9825439453125,151.7796630859375,0.6421233415603638
1081.0,60.0,1.0,194.38392639160156,155.3148193359375,0.7134110927581787
1082.0,60.05555555555555,1.0,188.711181640625,157.93890380859375,0.6841658353805542
1083.0,60.11111111111111,1.0,183.71730041503906,161.23309326171875,0.6152456402778625
1084.0,60.166666666666664,1.0,178.8548583984375,165.34701538085938,0.6562731266021729
1085.0,60.22222222222222,1.0,173.993408203125,169.59423828125,0.596144437789917
1086.0,60.27777777777777,1.0,165.743896484375,176.87261962890625,0.6042168736457825
1087.0,60.33333333333333,1.0,155.920654296875,185.16781616210938,0.7142395377159119
1088.0,60.388888888888886,1.0,146.05987548828125,192.4687042236328,0.5939901471138
1089.0,60.44444444444444,1.0,137.17637634277344,197.75172424316406,0.7360278367996216
1090.0,60.5,1.0,129.51913452148438,201.84829711914062,0.5996890068054199
1091.0,60.55555555555555,1.0,123.22892761230469,205.14566040039062,0.6599427461624146
1092.0,60.61111111111111,1.0,117.4183349609375,209.43710327148438,0.6667256951332092
1093.0,60.666666666666664,1.0,112.76316833496094,213.0635528564453,0.6133396029472351
1094.0,60.72222222222222,1.0,106.07656860351562,218.77865600585938,0.5940916538238525
1095.0,60.77777777777777,1.0,97.066650390625,226.9197540283203,0.580025315284729
1096.0,60.83333333333333,1.0,89.52186584472656,235.35806274414062,0.6294806003570557
1097.0,60.888888888888886,1.0,84.69914245605469,242.77114868164062,0.5555126667022705
1098.0,60.94444444444444,1.0,83.87800598144531,248.91375732421875,0.5381935834884644
1099.0,61.0,1.0,86.59130859375,254.45533752441406,0.5901250243186951
1100.0,61.05555555555555,1.0,92.47904968261719,260.5010070800781,0.5224852561950684
1101.0,61.11111111111111,1.0,99.50318908691406,266.81201171875,0.5807249546051025
1102.0,61.166666666666664,1.0,109.45036315917969,271.8836975097656,0.4833354651927948
1103.0,61.22222222222222,1.0,118.81515502929688,272.22027587890625,0.6879858374595642
1104.0,61.27777777777777,1.0,126.00369262695312,271.17352294921875,0.6875317096710205
1105.0,61.33333333333333,1.0,132.4844970703125,268.1526794433594,0.6749361753463745
1106.0,61.388888888888886,1.0,138.46847534179688,264.62860107421875,0.6683443784713745
1107.0,61.44444444444444,1.0,147.57839965820312,255.54031372070312,0.5587961077690125
1108.0,61.5,1.0,154.92926025390625,247.85977172851562,0.651326596736908
1109.0,61.55555555555555,1.0,159.42286682128906,243.61090087890625,0.6124783158302307
1110.0,61.61111111111111,1.0,162.04449462890625,242.5289306640625,0.6610660552978516
1111.0,61.666666666666664,1.0,163.4591827392578,241.11050415039062,0.647902250289917
1112.0,61.72222222222222,1.0,168.2812957763672,238.64007568359375,0.7112627625465393
1113.0,61.77777777777777,1.0,175.95947265625,233.38665771484375,0.6834762096405029
1114.0,61.83333333333333,1.0,188.8373565673828,224.75424194335938,0.6598638892173767
1115.0,61.888888888888886,1.0,199.72181701660156,217.3074493408203,0.6351787447929382
1116.0,61.94444444444444,1.0,206.69715881347656,212.46510314941406,0.6861437559127808
1117.0,62.0,1.0,210.29220581054688,209.2747802734375,0.6339245438575745
1118.0,62.05555555555555,1.0,212.25082397460938,203.3549346923828,0.7097794413566589
1119.0,62.11111111111111,1.0,214.86294555664062,195.30892944335938,0.6501179933547974
1120.0,62.166666666666664,1.0,218.2272491455078,184.53793334960938,0.7148051261901855
1121.0,62.22222222222222,1.0,222.38612365722656,172.0726318359375,0.6223045587539673
1122.0,62.27777777777777,1.0,224.85501098632812,160.87713623046875,0.6944401264190674
1123.0,62.33333333333333,1.0,226.3202667236328,152.55271911621094,0.645186722278595
1124.0,62.388888888888886,1.0,227.85435485839844,143.87619018554688,0.6366887092590332
1125.0,62.44444444444444,1.0,229.84970092773438,132.65719604492188,0.6302899122238159
1126.0,62.5,1.0,231.63067626953125,121.60108184814453,0.6914942860603333
1127.0,62.55555555555555,1.0,233.52853393554688,112.76211547851562,0.6038822531700134
1128.0,62.61111111111111,1.0,236.27639770507812,104.57315826416016,0.6781837940216064
1129.0,62.666666666666664,1.0,239.37359619140625,96.56350708007812,0.6675074100494385
1130.0,62.72222222222222,1.0,244.17767333984375,90.50920104980469,0.6840061545372009
1131.0,62.77777777777777,1.0,250.520751953125,87.47445678710938,0.5200192332267761
1132.0,62.83333333333333,1.0,257.6736755371094,87.6548080444336,0.5430704355239868
1133.0,62.888888888888886,1.0,267.3333740234375,91.0463638305664,0.4769546687602997
1134.0,62.94444444444444,1.0,274.9297180175781,96.95677947998047,0.6483131647109985
1135.0,63.0,1.0,281.2442321777344,104.08596801757812,0.563343346118927
1136.0,63.05555555555555,1.0,282.76177978515625,112.47219848632812,0.517037034034729
1137.0,63.11111111111111,1.0,283.65228271484375,118.55743408203125,0.5074219703674316
1138.0,63.166666666666664,1.0,283.07550048828125,125.33377838134766,0.5754887461662292
1139.0,63.22222222222222,1.0,282.1686096191406,135.4385986328125,0.5728534460067749
1140.0,63.27777777777777,1.0,279.6407470703125,149.44834899902344,0.6456868052482605
1141.0,63.33333333333333,1.0,275.5078125,159.63316345214844,0.6635466814041138
1142.0,63.388888888888886,1.0,272.9766845703125,164.5638427734375,0.5617725253105164
1143.0,63.44444444444444,1.0,270.18060302734375,167.61024475097656,0.6833612322807312
1144.0,63.5,1.0,266.526611328125,171.41326904296875,0.6389312744140625
1145.0,63.55555555555555,1.0,262.40374755859375,174.41580200195312,0.6245489716529846
1146.0,63.61111111111111,1.0,255.92257690429688,180.65402221679688,0.5861274003982544
1147.0,63.666666666666664,1.0,248.6490478515625,189.64743041992188,0.626492977142334
1148.0,63.72222222222222,1.0,243.1004638671875,197.44595336914062,0.6959864497184753
1149.0,63.77777777777777,1.0,238.64402770996094,204.21490478515625,0.632140576839447
1150.0,63.83333333333333,1.0,236.8665771484375,209.76971435546875,0.6994239091873169
1151.0,63.888888888888886,1.0,234.33180236816406,218.28823852539062,0.5101805329322815
1152.0,63.94444444444444,1.0,233.19198608398438,229.93087768554688,0.6151986122131348
1153.0,64.0,1.0,231.25411987304688,242.37063598632812,0.676356315612793
1154.0,64.05555555555556,1.0,230.9033966064453,249.5926971435547,0.6476621031761169
1155.0,64.11111111111111,1.0,228.64752197265625,255.02835083007812,0.6024863719940186
1156.0,64.16666666666666,1.0,224.83706665039062,260.58856201171875,0.7659023404121399
1157.0,64.22222222222221,1.0,217.535400390625,266.3863220214844,0.6966019868850708
1158.0,64.27777777777777,1.0,205.82452392578125,271.8572998046875,0.7227048277854919
1159.0,64.33333333333333,1.0,195.41311645507812,273.72735595703125,0.612865686416626
1160.0,64.38888888888889,1.0,186.22035217285156,273.77618408203125,0.7064980268478394
1161.0,64.44444444444444,1.0,178.2179412841797,272.6666259765625,0.658981204032898
1162.0,64.5,1.0,170.30825805664062,268.876708984375,0.6863620281219482
1163.0,64.55555555555556,1.0,161.9363555908203,266.0082092285156,0.7016991376876831
1164.0,64.61111111111111,1.0,154.39956665039062,260.198974609375,0.6543236970901489
1165.0,64.66666666666666,1.0,145.96595764160156,255.2041778564453,0.5892819166183472
1166.0,64.72222222222221,1.0,137.0457763671875,251.3968963623047,0.6379185914993286
1167.0,64.77777777777777,1.0,128.64772033691406,247.27023315429688,0.6443489789962769
1168.0,64.83333333333333,1.0,121.7276611328125,242.93289184570312,0.5909690260887146
1169.0,64.88888888888889,1.0,115.57221984863281,239.39402770996094,0.620643138885498
1170.0,64.94444444444444,1.0,109.59518432617188,234.91397094726562,0.6244314908981323
1171.0,65.0,1.0,103.19310760498047,228.79200744628906,0.6702107191085815
1172.0,65.05555555555556,1.0,96.95123291015625,221.77886962890625,0.6115409135818481
1173.0,65.11111111111111,1.0,92.81624603271484,213.063720703125,0.6110849976539612
1174.0,65.16666666666666,1.0,91.29444885253906,205.363037109375,0.5892074704170227
1175.0,65.22222222222221,1.0,93.68353271484375,198.817138671875,0.6603749394416809
1176.0,65.27777777777777,1.0,100.61358642578125,192.22923278808594,0.7143951654434204
1177.0,65.33333333333333,1.0,108.72441101074219,185.69760131835938,0.6593936085700989
1178.0,65.38888888888889,1.0,116.1661148071289,182.43814086914062,0.5757853984832764
1179.0,65.44444444444444,1.0,122.9168701171875,179.7882080078125,0.6125189065933228
1180.0,65.5,1.0,127.65467834472656,178.3233184814453,0.571304440498352
1181.0,65.55555555555556,1.0,133.65870666503906,176.18624877929688,0.563435971736908
1182.0,65.61111111111111,1.0,142.27459716796875,173.8355712890625,0.5646209716796875
1183.0,65.66666666666666,1.0,152.2791748046875,172.58047485351562,0.5649239420890808
1184.0,65.72222222222221,1.0,162.6111297607422,173.06271362304688,0.7134192585945129
1185.0,65.77777777777777,1.0,171.32626342773438,174.3245849609375,0.586145281791687
1186.0,65.83333333333333,1.0,178.32977294921875,177.7430419921875,0.6000417470932007
1187.0,65.88888888888889,1.0,185.04470825195312,178.9957275390625,0.6258334517478943
1188.0,65.94444444444444,1.0,193.45071411132812,180.55364990234375,0.6924217939376831
1189.0,66.0,1.0,201.8118438720703,181.5901336669922,0.7061962485313416
1190.0,66.05555555555556,1.0,214.43360900878906,183.33518981933594,0.6782257556915283
1191.0,66.11111111111111,1.0,226.80471801757812,183.92738342285156,0.7049397826194763
1192.0,66.16666666666666,1.0,236.51632690429688,185.45999145507812,0.7294618487358093
1193.0,66.22222222222221,1.0,244.82174682617188,186.22927856445312,0.7249788045883179
1194.0,66.27777777777777,1.0,252.77175903320312,186.93002319335938,0.6571416854858398
1195.0,66.33333333333333,1.0,260.5951843261719,186.6510009765625,0.620728611946106
1196.0,66.38888888888889,1.0,269.2208251953125,183.3602294921875,0.642608642578125
1197.0,66.44444444444444,1.0,277.474609375,176.32470703125,0.5868042707443237
1198.0,66.5,1.0,285.6557922363281,170.8973846435547,0.5775501728057861
1199.0,66.55555555555556,1.0,290.09600830078125,167.23431396484375,0.5474324822425842
1200.0,66.61111111111111,1.0,294.7411804199219,164.51080322265625,0.6503346562385559
